#include <Adafruit_GFX.h>

const uint8_t Lexend_Bold32pt7bBitmaps[] PROGMEM = {
  0x00, 0xFF, 0xFF, 0xFF, 0xFF, 0xFF, 0xFE, 0x79, 0xE7, 0x9E, 0x79, 0xE7, 
  0x80, 0x00, 0x07, 0xBF, 0xFF, 0xF7, 0x80, 0x7C, 0xFD, 0xF3, 0xE7, 0x8F, 
  0x9E, 0x3C, 0x78, 0xF1, 0xC3, 0xC7, 0x0E, 0x3C, 0x38, 0x07, 0xC7, 0xC0, 
  0x78, 0x7C, 0x07, 0x87, 0xC0, 0x78, 0x78, 0x7F, 0xFF, 0xF7, 0xFF, 0xFF, 
  0x7F, 0xFF, 0xF7, 0xFF, 0xFF, 0x0F, 0x0F, 0x80, 0xF0, 0xF0, 0x1F, 0x0F, 
  0x01, 0xF0, 0xF0, 0x1F, 0x1F, 0x0F, 0xFF, 0xFE, 0xFF, 0xFF, 0xEF, 0xFF, 
  0xFE, 0xFF, 0xFF, 0xE3, 0xE1, 0xE0, 0x3E, 0x3E, 0x03, 0xC3, 0xE0, 0x3C, 
  0x3E, 0x07, 0xC3, 0xC0, 0x00, 0xE0, 0x00, 0x38, 0x00, 0x3F, 0x80, 0x3F, 
  0xF8, 0x1F, 0xFF, 0x8F, 0xFF, 0xF7, 0xFF, 0xF9, 0xFB, 0x9E, 0x7C, 0xE1, 
  0x1F, 0xB8, 0x07, 0xFE, 0x01, 0xFF, 0xC0, 0x3F, 0xFC, 0x07, 0xFF, 0xC0, 
  0xFF, 0xF8, 0x0F, 0xFE, 0x00, 0xFF, 0xC8, 0x33, 0xF3, 0x0C, 0xFD, 0xE3, 
  0x3F, 0x7F, 0xDF, 0xFF, 0xFF, 0xE7, 0xFF, 0xF0, 0xFF, 0xF8, 0x0F, 0xFC, 
  0x00, 0x78, 0x00, 0x1E, 0x00, 0x07, 0x80, 0x1F, 0x00, 0x00, 0x01, 0xFE, 
  0x00, 0xF8, 0x1F, 0xF8, 0x0F, 0x80, 0xF3, 0xC0, 0xF8, 0x0F, 0x1E, 0x07, 
  0x80, 0x78, 0x70, 0x7C, 0x03, 0xC3, 0xC7, 0xC0, 0x1E, 0x3C, 0x3C, 0x00, 
  0x79, 0xE3, 0xE0, 0x03, 0xFF, 0x3E, 0x00, 0x0F, 0xF1, 0xE0, 0x00, 0x3F, 
  0x1F, 0x1F, 0x80, 0x01, 0xF1, 0xFE, 0x00, 0x0F, 0x1F, 0xF8, 0x00, 0xF8, 
  0xF3, 0xC0, 0x0F, 0x8F, 0x1E, 0x00, 0x78, 0x78, 0x78, 0x07, 0xC3, 0xC3, 
  0xC0, 0x7C, 0x1E, 0x3C, 0x03, 0xC0, 0x79, 0xE0, 0x3E, 0x03, 0xFF, 0x03, 
  0xE0, 0x0F, 0xF0, 0x3E, 0x00, 0x3F, 0x00, 0x00, 0xF8, 0x00, 0x07, 0xFC, 
  0x00, 0x1F, 0xFC, 0x00, 0x7F, 0xFC, 0x01, 0xFD, 0xF8, 0x03, 0xF0, 0xC0, 
  0x07, 0xC1, 0x00, 0x0F, 0xC0, 0x00, 0x0F, 0x80, 0x00, 0x1F, 0x80, 0x00, 
  0xFF, 0x80, 0x03, 0xFF, 0x80, 0x0F, 0xFF, 0x9F, 0x1F, 0x3F, 0xBE, 0x3E, 
  0x3F, 0xFC, 0x7C, 0x3F, 0xF0, 0xF8, 0x3F, 0xE1, 0xF0, 0x3F, 0x83, 0xF0, 
  0x3F, 0x83, 0xFF, 0xFF, 0x87, 0xFF, 0xFF, 0x87, 0xFF, 0xFF, 0x03, 0xFE, 
  0x3F, 0x80, 0x7D, 0xF7, 0x9E, 0x79, 0xC7, 0x3C, 0x01, 0x80, 0x78, 0x1F, 
  0x87, 0xE1, 0xF8, 0x7E, 0x0F, 0x83, 0xF0, 0x7C, 0x0F, 0x81, 0xF0, 0x7E, 
  0x0F, 0x81, 0xF0, 0x3E, 0x07, 0xC0, 0xFC, 0x0F, 0x81, 0xF0, 0x3E, 0x03, 
  0xE0, 0x7E, 0x07, 0xC0, 0xFC, 0x0F, 0xC0, 0xFC, 0x0F, 0x00, 0x40, 0x38, 
  0x0F, 0x83, 0xF8, 0x1F, 0x81, 0xF0, 0x1F, 0x03, 0xF0, 0x3E, 0x07, 0xC0, 
  0xFC, 0x0F, 0x81, 0xF0, 0x3E, 0x07, 0xC0, 0xF8, 0x1F, 0x03, 0xE0, 0x7C, 
  0x1F, 0x83, 0xE0, 0xFC, 0x1F, 0x07, 0xE1, 0xF8, 0x7E, 0x1F, 0x80, 0xE0, 
  0x08, 0x00, 0x0F, 0x00, 0x78, 0x13, 0xC9, 0xEE, 0xEF, 0xFF, 0xBF, 0xF0, 
  0x7E, 0x0F, 0xFC, 0xFF, 0xF7, 0xBB, 0x91, 0xC8, 0x1E, 0x00, 0xF0, 0x00, 
  0x07, 0xC0, 0x07, 0xC0, 0x07, 0xC0, 0x07, 0xC0, 0x07, 0xC0, 0x07, 0xC0, 
  0xFF, 0xFF, 0xFF, 0xFF, 0xFF, 0xFF, 0xFF, 0xFF, 0x07, 0xC0, 0x07, 0xC0, 
  0x07, 0xC0, 0x07, 0xC0, 0x07, 0xC0, 0x07, 0xC0, 0x38, 0xF9, 0xFB, 0xF1, 
  0xE3, 0xC7, 0x1E, 0xF8, 0xE0, 0xFF, 0xFF, 0xFF, 0xFF, 0xFF, 0xFF, 0xFE, 
  0x7B, 0xFF, 0xFF, 0x78, 0x00, 0x07, 0xE0, 0x00, 0xF8, 0x00, 0x3E, 0x00, 
  0x07, 0xC0, 0x01, 0xF0, 0x00, 0x3E, 0x00, 0x0F, 0x80, 0x01, 0xF0, 0x00, 
  0x7C, 0x00, 0x0F, 0x80, 0x03, 0xE0, 0x00, 0x7C, 0x00, 0x1F, 0x00, 0x03, 
  0xE0, 0x00, 0xF8, 0x00, 0x1F, 0x00, 0x07, 0xC0, 0x00, 0xF8, 0x00, 0x3E, 
  0x00, 0x07, 0xC0, 0x01, 0xF0, 0x00, 0x3E, 0x00, 0x0F, 0x80, 0x01, 0xF0, 
  0x00, 0x7C, 0x00, 0x0F, 0x80, 0x03, 0xE0, 0x00, 0x00, 0x00, 0xF0, 0x00, 
  0xFF, 0xC0, 0x3F, 0xFC, 0x0F, 0xFF, 0xC3, 0xFF, 0xFC, 0xFC, 0x1F, 0x9F, 
  0x81, 0xFB, 0xE0, 0x3F, 0x7C, 0x03, 0xFF, 0x80, 0x7F, 0xE0, 0x0F, 0xFC, 
  0x01, 0xFF, 0x80, 0x3F, 0xF8, 0x07, 0xFF, 0x00, 0xFB, 0xE0, 0x1F, 0x7C, 
  0x07, 0xEF, 0xC0, 0xF8, 0xFE, 0x7F, 0x1F, 0xFF, 0xC1, 0xFF, 0xF8, 0x1F, 
  0xFE, 0x00, 0xFF, 0x00, 0x03, 0xC0, 0x3F, 0x03, 0xFC, 0x3F, 0xF0, 0xFF, 
  0xC1, 0xFF, 0x07, 0xFC, 0x19, 0xF0, 0x07, 0xC0, 0x1F, 0x00, 0x7C, 0x01, 
  0xF0, 0x07, 0xC0, 0x1F, 0x00, 0x7C, 0x01, 0xF0, 0x07, 0xC0, 0x1F, 0x07, 
  0xFF, 0xDF, 0xFF, 0x7F, 0xFD, 0xFF, 0xF7, 0xFF, 0xC0, 0x03, 0xE0, 0x0F, 
  0xF8, 0x3F, 0xFC, 0x7F, 0xFC, 0x7F, 0xFE, 0xFC, 0x7E, 0xF8, 0x3E, 0x30, 
  0x3E, 0x10, 0x3E, 0x00, 0x7E, 0x00, 0x7C, 0x00, 0xFC, 0x01, 0xF8, 0x03, 
  0xF0, 0x07, 0xE0, 0x0F, 0xC0, 0x1F, 0xC0, 0x3F, 0x80, 0x3F, 0xFF, 0x7F, 
  0xFF, 0xFF, 0xFF, 0xFF, 0xFF, 0x7F, 0xFF, 0x7F, 0xFE, 0x3F, 0xFF, 0x9F, 
  0xFF, 0xCF, 0xFF, 0xC7, 0xFF, 0xC0, 0x07, 0xC0, 0x07, 0xC0, 0x07, 0xC0, 
  0x07, 0xC0, 0x07, 0xFC, 0x03, 0xFF, 0x01, 0xFF, 0xC0, 0x7F, 0xF0, 0x00, 
  0xF8, 0x00, 0x3E, 0x00, 0x1F, 0x30, 0x0F, 0xBC, 0x0F, 0xBF, 0x8F, 0xCF, 
  0xFF, 0xE7, 0xFF, 0xE1, 0xFF, 0xE0, 0x3F, 0xC0, 0x00, 0x1E, 0x00, 0x07, 
  0xC0, 0x01, 0xF8, 0x00, 0x7F, 0x00, 0x0F, 0xE0, 0x03, 0xFC, 0x00, 0xFF, 
  0x80, 0x3F, 0xF0, 0x0F, 0xFE, 0x03, 0xF7, 0xC0, 0x7E, 0xF8, 0x1F, 0x9F, 
  0x07, 0xE3, 0xE1, 0xF8, 0x7C, 0x3F, 0xFF, 0xFF, 0xFF, 0xFF, 0x7F, 0xFF, 
  0xEF, 0xFF, 0xFC, 0x00, 0xF8, 0x00, 0x1F, 0x00, 0x03, 0xE0, 0x00, 0x7C, 
  0x00, 0x0F, 0x80, 0x3F, 0xFE, 0x3F, 0xFE, 0x3F, 0xFE, 0x3F, 0xFE, 0x3F, 
  0xFE, 0x3C, 0x00, 0x3C, 0x00, 0x3C, 0x00, 0x7F, 0xF0, 0x7F, 0xFC, 0x7F, 
  0xFE, 0x3F, 0xFE, 0x18, 0x3F, 0x00, 0x1F, 0x00, 0x1F, 0x00, 0x1F, 0x20, 
  0x1F, 0x38, 0x1F, 0x7E, 0xFF, 0xFF, 0xFE, 0x7F, 0xFC, 0x3F, 0xF8, 0x0F, 
  0xF0, 0x01, 0xF0, 0x01, 0xF0, 0x01, 0xF8, 0x00, 0xF8, 0x00, 0xF8, 0x00, 
  0x7C, 0x00, 0x7C, 0x00, 0x7E, 0xC0, 0x3F, 0xF8, 0x3F, 0xFF, 0x1F, 0xFF, 
  0x8F, 0xEF, 0xEF, 0xC1, 0xF7, 0xC0, 0x7F, 0xE0, 0x3F, 0xF0, 0x1F, 0xF8, 
  0x0F, 0xBE, 0x0F, 0x9F, 0xDF, 0xC7, 0xFF, 0xC3, 0xFF, 0xC0, 0x7F, 0xC0, 
  0x0F, 0xC0, 0xFF, 0xFE, 0xFF, 0xFE, 0xFF, 0xFF, 0xFF, 0xFE, 0xFF, 0xFE, 
  0x00, 0x7E, 0x00, 0x7C, 0x00, 0xFC, 0x00, 0xF8, 0x00, 0xF8, 0x01, 0xF0, 
  0x01, 0xF0, 0x03, 0xF0, 0x03, 0xE0, 0x07, 0xE0, 0x07, 0xC0, 0x07, 0xC0, 
  0x0F, 0x80, 0x0F, 0x80, 0x1F, 0x80, 0x1F, 0x00, 0x3F, 0x00, 0x3E, 0x00, 
  0x03, 0xE0, 0x07, 0xFC, 0x07, 0xFF, 0x87, 0xFF, 0xC7, 0xE3, 0xF3, 0xE0, 
  0xF9, 0xF0, 0x7C, 0xF8, 0x3E, 0x7E, 0x3F, 0x1F, 0xFF, 0x07, 0xFF, 0x03, 
  0xFF, 0xC7, 0xFF, 0xF3, 0xF9, 0xFB, 0xF0, 0x7F, 0xF8, 0x1F, 0xF8, 0x0F, 
  0xFE, 0x0F, 0xDF, 0x8F, 0xEF, 0xFF, 0xE3, 0xFF, 0xE0, 0xFF, 0xE0, 0x1F, 
  0xC0, 0x03, 0xE0, 0x07, 0xFC, 0x0F, 0xFF, 0x0F, 0xFF, 0xC7, 0xFF, 0xF7, 
  0xE1, 0xFB, 0xE0, 0x7D, 0xF0, 0x3F, 0xF8, 0x1F, 0xFC, 0x0F, 0xBF, 0x0F, 
  0xCF, 0xFF, 0xE7, 0xFF, 0xF1, 0xFF, 0xF0, 0x7F, 0xF8, 0x04, 0xF8, 0x00, 
  0x7C, 0x00, 0x7E, 0x00, 0x3E, 0x00, 0x3F, 0x00, 0x1F, 0x00, 0x1F, 0x00, 
  0x0F, 0x80, 0x7B, 0xFF, 0xFF, 0x78, 0x00, 0x00, 0x00, 0x00, 0x00, 0x7B, 
  0xFF, 0xFF, 0x78, 0x3C, 0xF9, 0xF3, 0xE7, 0xC0, 0x00, 0x00, 0x00, 0x00, 
  0x00, 0x00, 0x07, 0x9F, 0x3F, 0x3E, 0x3C, 0x78, 0xE3, 0xDF, 0x1C, 0x00, 
  0x00, 0x08, 0x00, 0x70, 0x01, 0xF0, 0x0F, 0xF0, 0x7F, 0xC3, 0xFE, 0x0F, 
  0xF0, 0x7F, 0x80, 0xFE, 0x01, 0xFC, 0x01, 0xFE, 0x01, 0xFF, 0x00, 0xFF, 
  0x80, 0x7F, 0xC0, 0x3F, 0x00, 0x3E, 0x00, 0x18, 0xFF, 0xFF, 0xFF, 0xFF, 
  0xFF, 0xFF, 0xFF, 0xFF, 0xFF, 0xFF, 0x00, 0x00, 0x00, 0x00, 0xFF, 0xFF, 
  0xFF, 0xFF, 0xFF, 0xFF, 0xFF, 0xFF, 0xFF, 0xFF, 0x20, 0x00, 0x70, 0x01, 
  0xF8, 0x03, 0xF8, 0x0F, 0xFC, 0x03, 0xFE, 0x01, 0xFF, 0x00, 0xFF, 0x00, 
  0x7E, 0x01, 0xFC, 0x0F, 0xF0, 0x7F, 0xC3, 0xFE, 0x1F, 0xF0, 0x1F, 0x80, 
  0x3E, 0x00, 0x30, 0x00, 0x07, 0xC0, 0x3F, 0xE0, 0xFF, 0xE3, 0xFF, 0xEF, 
  0xFF, 0xEF, 0x0F, 0xCC, 0x0F, 0x88, 0x1F, 0x00, 0x7E, 0x01, 0xF8, 0x0F, 
  0xF0, 0x7F, 0xC0, 0x7F, 0x00, 0xF8, 0x01, 0xC0, 0x00, 0x00, 0x00, 0x00, 
  0x00, 0x00, 0x1E, 0x00, 0x7E, 0x00, 0xFC, 0x01, 0xF0, 0x01, 0xE0, 0x00, 
  0x00, 0x03, 0xF0, 0x00, 0x01, 0xFF, 0xF0, 0x00, 0x3F, 0xFF, 0xE0, 0x03, 
  0xE0, 0x0F, 0x80, 0x7C, 0x00, 0x1E, 0x07, 0x80, 0x00, 0x70, 0x78, 0x18, 
  0x01, 0xC3, 0x83, 0xF7, 0x8E, 0x38, 0x7F, 0xFC, 0x31, 0x83, 0xFF, 0xE1, 
  0xDC, 0x3E, 0x3F, 0x0E, 0xE3, 0xE0, 0xF8, 0x76, 0x1F, 0x07, 0x83, 0x70, 
  0xF8, 0x3C, 0x1B, 0x87, 0x83, 0xE1, 0xDC, 0x7C, 0x1F, 0x0E, 0xE1, 0xF1, 
  0xF8, 0xE7, 0x0F, 0xFF, 0xC7, 0x38, 0x7F, 0xFF, 0xF0, 0xC1, 0xFE, 0xFF, 
  0x07, 0x07, 0xE7, 0xF0, 0x38, 0x00, 0x00, 0x00, 0xE0, 0x00, 0x00, 0x07, 
  0x80, 0x00, 0x00, 0x1E, 0x00, 0x30, 0x00, 0x7F, 0x1F, 0x80, 0x01, 0xFF, 
  0xF8, 0x00, 0x01, 0xFF, 0x00, 0x00, 0x00, 0xFC, 0x00, 0x03, 0xF0, 0x00, 
  0x0F, 0xE0, 0x00, 0x7F, 0x80, 0x01, 0xFE, 0x00, 0x0F, 0xFC, 0x00, 0x3F, 
  0xF0, 0x00, 0xFF, 0xE0, 0x07, 0xCF, 0x80, 0x1F, 0x3E, 0x00, 0x7C, 0xFC, 
  0x03, 0xE1, 0xF0, 0x0F, 0x87, 0xE0, 0x7E, 0x0F, 0x81, 0xFF, 0xFE, 0x07, 
  0xFF, 0xFC, 0x3F, 0xFF, 0xF0, 0xFF, 0xFF, 0xC7, 0xE0, 0x1F, 0x9F, 0x00, 
  0x3E, 0x7C, 0x00, 0xFF, 0xF0, 0x01, 0xF0, 0xFF, 0xFC, 0x3F, 0xFF, 0xCF, 
  0xFF, 0xF3, 0xFF, 0xFE, 0xF8, 0x3F, 0xBE, 0x07, 0xEF, 0x80, 0xFB, 0xE0, 
  0x7C, 0xF8, 0x7F, 0x3F, 0xFF, 0x8F, 0xFF, 0xF3, 0xFF, 0xFE, 0xFF, 0xFF, 
  0xBE, 0x03, 0xFF, 0x80, 0x7F, 0xE0, 0x1F, 0xF8, 0x0F, 0xFF, 0xFF, 0xFF, 
  0xFF, 0xFB, 0xFF, 0xFE, 0xFF, 0xFF, 0x3F, 0xFF, 0x00, 0x00, 0x7E, 0x00, 
  0x1F, 0xFE, 0x01, 0xFF, 0xF8, 0x1F, 0xFF, 0xF1, 0xFF, 0xFF, 0x1F, 0xF1, 
  0xF0, 0xFC, 0x03, 0x0F, 0xC0, 0x08, 0x7E, 0x00, 0x03, 0xE0, 0x00, 0x3F, 
  0x00, 0x01, 0xF8, 0x00, 0x0F, 0xC0, 0x00, 0x7E, 0x00, 0x01, 0xF0, 0x00, 
  0x0F, 0xC0, 0x00, 0x7F, 0x00, 0x41, 0xFC, 0x07, 0x0F, 0xFF, 0xF8, 0x3F, 
  0xFF, 0xE0, 0xFF, 0xFF, 0x03, 0xFF, 0xF0, 0x07, 0xFE, 0x00, 0xFF, 0xFC, 
  0x0F, 0xFF, 0xF0, 0xFF, 0xFF, 0x8F, 0xFF, 0xFC, 0xF8, 0x3F, 0xEF, 0x80, 
  0xFE, 0xF8, 0x07, 0xFF, 0x80, 0x3F, 0xF8, 0x03, 0xFF, 0x80, 0x1F, 0xF8, 
  0x01, 0xFF, 0x80, 0x1F, 0xF8, 0x01, 0xFF, 0x80, 0x3F, 0xF8, 0x03, 0xFF, 
  0x80, 0x7E, 0xF8, 0x0F, 0xEF, 0xFF, 0xFC, 0xFF, 0xFF, 0xCF, 0xFF, 0xF8, 
  0xFF, 0xFE, 0x0F, 0xFF, 0x80, 0xFF, 0xFE, 0xFF, 0xFE, 0xFF, 0xFE, 0xFF, 
  0xFE, 0xF8, 0x00, 0xF8, 0x00, 0xF8, 0x00, 0xF8, 0x00, 0xFF, 0xFC, 0xFF, 
  0xFC, 0xFF, 0xFC, 0xFF, 0xFC, 0xFF, 0xFC, 0xF8, 0x00, 0xF8, 0x00, 0xF8, 
  0x00, 0xF8, 0x00, 0xFF, 0xFF, 0xFF, 0xFF, 0xFF, 0xFF, 0xFF, 0xFF, 0xFF, 
  0xFF, 0xFF, 0xFF, 0xFF, 0xFF, 0xFF, 0xFF, 0xFF, 0xFF, 0x80, 0x1F, 0x00, 
  0x3E, 0x00, 0x7C, 0x00, 0xF8, 0x01, 0xFF, 0xFB, 0xFF, 0xF7, 0xFF, 0xEF, 
  0xFF, 0xDF, 0x00, 0x3E, 0x00, 0x7C, 0x00, 0xF8, 0x01, 0xF0, 0x03, 0xE0, 
  0x07, 0xC0, 0x0F, 0x80, 0x1F, 0x00, 0x00, 0x00, 0x7E, 0x00, 0x03, 0xFF, 
  0x80, 0x1F, 0xFF, 0xC0, 0x7F, 0xFF, 0xC1, 0xFF, 0xFF, 0x87, 0xF8, 0x3E, 
  0x0F, 0xC0, 0x18, 0x3F, 0x00, 0x00, 0x7E, 0x00, 0x00, 0xF8, 0x00, 0x03, 
  0xF0, 0x3F, 0xFF, 0xE0, 0x7F, 0xFF, 0xC0, 0xFF, 0xFF, 0x81, 0xFF, 0xDF, 
  0x83, 0xFF, 0xBF, 0x00, 0x3F, 0x7F, 0x00, 0x7C, 0x7F, 0x01, 0xF8, 0xFF, 
  0xFF, 0xE0, 0xFF, 0xFF, 0xC0, 0xFF, 0xFF, 0x00, 0xFF, 0xFC, 0x00, 0x7F, 
  0xE0, 0x00, 0xF8, 0x03, 0xFF, 0x00, 0x7F, 0xE0, 0x0F, 0xFC, 0x01, 0xFF, 
  0x80, 0x3F, 0xF0, 0x07, 0xFE, 0x00, 0xFF, 0xC0, 0x1F, 0xFF, 0xFF, 0xFF, 
  0xFF, 0xFF, 0xFF, 0xFF, 0xFF, 0xFF, 0xFF, 0xFF, 0xFF, 0xF0, 0x07, 0xFE, 
  0x00, 0xFF, 0xC0, 0x1F, 0xF8, 0x03, 0xFF, 0x00, 0x7F, 0xE0, 0x0F, 0xFC, 
  0x01, 0xFF, 0x80, 0x3F, 0xF0, 0x07, 0xC0, 0xFF, 0xFF, 0xFF, 0xFF, 0xFF, 
  0xFF, 0xF0, 0xFC, 0x07, 0xE0, 0x3F, 0x01, 0xF8, 0x0F, 0xC0, 0x7E, 0x03, 
  0xF0, 0x1F, 0x80, 0xFC, 0x07, 0xE0, 0x3F, 0x01, 0xF8, 0x0F, 0xC7, 0xFF, 
  0xFF, 0xFF, 0xFF, 0xFF, 0xFF, 0xFF, 0xFC, 0x07, 0xFF, 0xC1, 0xFF, 0xF0, 
  0x7F, 0xFC, 0x1F, 0xFF, 0x00, 0x7E, 0x00, 0x1F, 0x80, 0x07, 0xE0, 0x01, 
  0xF8, 0x00, 0x7E, 0x00, 0x1F, 0x80, 0x07, 0xE0, 0x01, 0xF8, 0x00, 0x7E, 
  0x00, 0x1F, 0x80, 0x07, 0xE0, 0x41, 0xF8, 0x38, 0x7E, 0x1F, 0xFF, 0x0F, 
  0xFF, 0xC1, 0xFF, 0xE0, 0x3F, 0xF0, 0x03, 0xF8, 0x00, 0xF8, 0x07, 0xF7, 
  0xC0, 0x7E, 0x3E, 0x07, 0xE1, 0xF0, 0x7E, 0x0F, 0x87, 0xE0, 0x7C, 0x7E, 
  0x03, 0xE7, 0xE0, 0x1F, 0x7E, 0x00, 0xFF, 0xE0, 0x07, 0xFF, 0x00, 0x3F, 
  0xFC, 0x01, 0xFF, 0xE0, 0x0F, 0xFF, 0x80, 0x7E, 0x7E, 0x03, 0xE3, 0xF8, 
  0x1F, 0x0F, 0xC0, 0xF8, 0x3F, 0x07, 0xC0, 0xFC, 0x3E, 0x03, 0xF1, 0xF0, 
  0x1F, 0xCF, 0x80, 0x7E, 0x7C, 0x01, 0xFC, 0xF8, 0x01, 0xF0, 0x03, 0xE0, 
  0x07, 0xC0, 0x0F, 0x80, 0x1F, 0x00, 0x3E, 0x00, 0x7C, 0x00, 0xF8, 0x01, 
  0xF0, 0x03, 0xE0, 0x07, 0xC0, 0x0F, 0x80, 0x1F, 0x00, 0x3E, 0x00, 0x7C, 
  0x00, 0xF8, 0x01, 0xFF, 0xFF, 0xFF, 0xFF, 0xFF, 0xFF, 0xFF, 0xFF, 0xFF, 
  0xC0, 0xF8, 0x00, 0x7F, 0xF0, 0x03, 0xFF, 0xC0, 0x0F, 0xFF, 0x80, 0x7F, 
  0xFF, 0x01, 0xFF, 0xFC, 0x0F, 0xFF, 0xF8, 0x7F, 0xFF, 0xF1, 0xFF, 0xFF, 
  0xCF, 0xFF, 0xFF, 0xFF, 0xFF, 0xBF, 0xF7, 0xFE, 0x7F, 0x9F, 0xF9, 0xFE, 
  0x7F, 0xE3, 0xF1, 0xFF, 0x87, 0x87, 0xFE, 0x1E, 0x1F, 0xF8, 0x30, 0x7F, 
  0xE0, 0x01, 0xFF, 0x80, 0x07, 0xFE, 0x00, 0x1F, 0xF8, 0x00, 0x7F, 0xE0, 
  0x01, 0xF0, 0xF8, 0x01, 0xFF, 0xC0, 0x1F, 0xFE, 0x01, 0xFF, 0xF0, 0x1F, 
  0xFF, 0x01, 0xFF, 0xF8, 0x1F, 0xFF, 0xC1, 0xFF, 0xFC, 0x1F, 0xFF, 0xE1, 
  0xFF, 0xBF, 0x1F, 0xF9, 0xF9, 0xFF, 0x9F, 0x9F, 0xF8, 0xFD, 0xFF, 0x87, 
  0xFF, 0xF8, 0x3F, 0xFF, 0x83, 0xFF, 0xF8, 0x1F, 0xFF, 0x80, 0xFF, 0xF8, 
  0x0F, 0xFF, 0x80, 0x7F, 0xF8, 0x03, 0xFF, 0x80, 0x1F, 0x00, 0x7E, 0x00, 
  0x03, 0xFF, 0xC0, 0x07, 0xFF, 0xE0, 0x0F, 0xFF, 0xF0, 0x1F, 0xFF, 0xF8, 
  0x3F, 0xE7, 0xFC, 0x7F, 0x00, 0xFC, 0x7E, 0x00, 0x7E, 0x7E, 0x00, 0x7E, 
  0x7C, 0x00, 0x3E, 0xFC, 0x00, 0x3F, 0xFC, 0x00, 0x3F, 0xFC, 0x00, 0x3F, 
  0xFC, 0x00, 0x3E, 0x7C, 0x00, 0x7E, 0x7E, 0x00, 0x7E, 0x7F, 0x00, 0xFE, 
  0x3F, 0x81, 0xFC, 0x3F, 0xFF, 0xFC, 0x1F, 0xFF, 0xF8, 0x0F, 0xFF, 0xF0, 
  0x07, 0xFF, 0xC0, 0x01, 0xFF, 0x80, 0xFF, 0xF8, 0x7F, 0xFF, 0x3F, 0xFF, 
  0x9F, 0xFF, 0xEF, 0x87, 0xF7, 0xC0, 0xFF, 0xE0, 0x7F, 0xF0, 0x3F, 0xF8, 
  0x1F, 0xFC, 0x1F, 0xBF, 0xFF, 0xDF, 0xFF, 0xCF, 0xFF, 0xE7, 0xFF, 0xC3, 
  0xFF, 0x01, 0xF0, 0x00, 0xF8, 0x00, 0x7C, 0x00, 0x3E, 0x00, 0x1F, 0x00, 
  0x0F, 0x80, 0x07, 0xC0, 0x00, 0x00, 0x7E, 0x00, 0x03, 0xFF, 0xC0, 0x07, 
  0xFF, 0xE0, 0x0F, 0xFF, 0xF0, 0x1F, 0xFF, 0xF8, 0x3F, 0xE7, 0xFC, 0x7F, 
  0x00, 0xFC, 0x7E, 0x00, 0x7E, 0x7E, 0x00, 0x7E, 0x7C, 0x00, 0x3E, 0xFC, 
  0x00, 0x3F, 0xFC, 0x00, 0x3F, 0xFC, 0x04, 0x3F, 0xFC, 0x0E, 0x3E, 0x7C, 
  0x1F, 0x7E, 0x7E, 0x3F, 0xFE, 0x7F, 0x1F, 0xFE, 0x3F, 0x8F, 0xFC, 0x3F, 
  0xFF, 0xFC, 0x1F, 0xFF, 0xF8, 0x0F, 0xFF, 0xF0, 0x07, 0xFF, 0xF8, 0x01, 
  0xFF, 0xFC, 0x00, 0x00, 0xFE, 0x00, 0x00, 0x78, 0x00, 0x00, 0x30, 0x00, 
  0x00, 0x20, 0xFF, 0xFC, 0x3F, 0xFF, 0x8F, 0xFF, 0xF3, 0xFF, 0xFE, 0xF8, 
  0x1F, 0xBE, 0x03, 0xEF, 0x80, 0xFF, 0xE0, 0x3E, 0xF8, 0x0F, 0xBE, 0x07, 
  0xEF, 0xFF, 0xFB, 0xFF, 0xFC, 0xFF, 0xFE, 0x3F, 0xFF, 0x0F, 0x8F, 0xC3, 
  0xE1, 0xF8, 0xF8, 0x7E, 0x3E, 0x0F, 0xCF, 0x83, 0xF3, 0xE0, 0x7E, 0xF8, 
  0x1F, 0xFE, 0x03, 0xF0, 0x03, 0xF8, 0x03, 0xFF, 0x81, 0xFF, 0xF0, 0xFF, 
  0xFF, 0x7F, 0xFF, 0x9F, 0x83, 0xC7, 0xC0, 0x21, 0xF8, 0x00, 0x7F, 0x00, 
  0x1F, 0xFC, 0x03, 0xFF, 0xC0, 0x7F, 0xFC, 0x0F, 0xFF, 0x80, 0xFF, 0xE0, 
  0x03, 0xFC, 0x80, 0x3F, 0x30, 0x0F, 0xDE, 0x03, 0xFF, 0xF1, 0xFF, 0xFF, 
  0xFE, 0x7F, 0xFF, 0x0F, 0xFF, 0x80, 0xFF, 0xC0, 0xFF, 0xFF, 0xFF, 0xFF, 
  0xFF, 0xFF, 0xFF, 0xFF, 0xFF, 0xF0, 0x1F, 0x00, 0x03, 0xE0, 0x00, 0x7C, 
  0x00, 0x0F, 0x80, 0x01, 0xF0, 0x00, 0x3E, 0x00, 0x07, 0xC0, 0x00, 0xF8, 
  0x00, 0x1F, 0x00, 0x03, 0xE0, 0x00, 0x7C, 0x00, 0x0F, 0x80, 0x01, 0xF0, 
  0x00, 0x3E, 0x00, 0x07, 0xC0, 0x00, 0xF8, 0x00, 0x1F, 0x00, 0x03, 0xE0, 
  0x00, 0xF8, 0x03, 0xFF, 0x00, 0x7F, 0xE0, 0x0F, 0xFC, 0x01, 0xFF, 0x80, 
  0x3F, 0xF0, 0x07, 0xFE, 0x00, 0xFF, 0xC0, 0x1F, 0xF8, 0x03, 0xFF, 0x00, 
  0x7F, 0xE0, 0x0F, 0xFC, 0x01, 0xFF, 0x80, 0x3F, 0xF0, 0x0F, 0xFE, 0x01, 
  0xFF, 0xE0, 0x3F, 0xFE, 0x0F, 0xCF, 0xFF, 0xF9, 0xFF, 0xFE, 0x1F, 0xFF, 
  0x81, 0xFF, 0xE0, 0x0F, 0xF0, 0x00, 0xFC, 0x00, 0x7E, 0xFC, 0x01, 0xF9, 
  0xF8, 0x03, 0xF1, 0xF0, 0x07, 0xC3, 0xF0, 0x1F, 0x87, 0xE0, 0x3E, 0x07, 
  0xC0, 0x7C, 0x0F, 0xC1, 0xF0, 0x0F, 0x83, 0xE0, 0x1F, 0x8F, 0xC0, 0x3F, 
  0x1F, 0x00, 0x3E, 0x3E, 0x00, 0x7E, 0xF8, 0x00, 0x7D, 0xF0, 0x00, 0xFB, 
  0xE0, 0x01, 0xFF, 0x80, 0x01, 0xFF, 0x00, 0x03, 0xFC, 0x00, 0x03, 0xF8, 
  0x00, 0x07, 0xF0, 0x00, 0x0F, 0xC0, 0x00, 0x0F, 0x80, 0x00, 0xFC, 0x00, 
  0x00, 0x3F, 0x7C, 0x00, 0x00, 0x3E, 0x7C, 0x00, 0x00, 0x7E, 0x7E, 0x07, 
  0xE0, 0x7C, 0x3E, 0x07, 0xE0, 0x7C, 0x3E, 0x07, 0xE0, 0x7C, 0x3F, 0x0F, 
  0xF0, 0xFC, 0x3F, 0x0F, 0xF0, 0xF8, 0x1F, 0x0F, 0xF0, 0xF8, 0x1F, 0x9F, 
  0xF9, 0xF8, 0x1F, 0x9F, 0xF9, 0xF0, 0x0F, 0xBE, 0xF9, 0xF0, 0x0F, 0xBE, 
  0x7D, 0xF0, 0x0F, 0xFC, 0x7F, 0xE0, 0x07, 0xFC, 0x3F, 0xE0, 0x07, 0xFC, 
  0x3F, 0xE0, 0x07, 0xF8, 0x3F, 0xE0, 0x07, 0xF8, 0x1F, 0xC0, 0x03, 0xF0, 
  0x1F, 0xC0, 0x03, 0xF0, 0x0F, 0xC0, 0x03, 0xF0, 0x0F, 0x80, 0x01, 0xE0, 
  0x07, 0x80, 0xFE, 0x01, 0xFC, 0xFE, 0x03, 0xF0, 0xFE, 0x0F, 0xC0, 0xFC, 
  0x3F, 0x80, 0xFC, 0x7E, 0x01, 0xFD, 0xF8, 0x01, 0xFF, 0xF0, 0x01, 0xFF, 
  0xC0, 0x01, 0xFF, 0x00, 0x03, 0xFC, 0x00, 0x03, 0xF8, 0x00, 0x0F, 0xF0, 
  0x00, 0x1F, 0xF0, 0x00, 0x7F, 0xE0, 0x01, 0xFF, 0xE0, 0x03, 0xFF, 0xE0, 
  0x0F, 0xCF, 0xE0, 0x3F, 0x0F, 0xC0, 0xFE, 0x0F, 0xC1, 0xF8, 0x1F, 0xC7, 
  0xE0, 0x1F, 0xDF, 0xC0, 0x1F, 0xC0, 0xFE, 0x00, 0xFD, 0xF8, 0x07, 0xE3, 
  0xF0, 0x3F, 0x07, 0xE0, 0xFC, 0x1F, 0x87, 0xE0, 0x3F, 0x1F, 0x00, 0x7E, 
  0xFC, 0x01, 0xFF, 0xE0, 0x03, 0xFF, 0x00, 0x07, 0xFC, 0x00, 0x1F, 0xE0, 
  0x00, 0x3F, 0x00, 0x00, 0x7C, 0x00, 0x01, 0xF0, 0x00, 0x07, 0xC0, 0x00, 
  0x1F, 0x00, 0x00, 0x7C, 0x00, 0x01, 0xF0, 0x00, 0x07, 0xC0, 0x00, 0x1F, 
  0x00, 0x00, 0x7C, 0x00, 0x01, 0xF0, 0x00, 0x7F, 0xFF, 0xDF, 0xFF, 0xF7, 
  0xFF, 0xFD, 0xFF, 0xFE, 0x7F, 0xFF, 0x80, 0x0F, 0xC0, 0x07, 0xE0, 0x03, 
  0xF0, 0x01, 0xFC, 0x00, 0x7E, 0x00, 0x3F, 0x00, 0x1F, 0x80, 0x0F, 0xE0, 
  0x03, 0xF0, 0x01, 0xF8, 0x00, 0xFC, 0x00, 0x7F, 0x00, 0x1F, 0xFF, 0xFF, 
  0xFF, 0xFF, 0xFF, 0xFF, 0xFF, 0xFF, 0xFF, 0xFF, 0xF0, 0xFF, 0xFF, 0xFF, 
  0xFF, 0xFF, 0x07, 0x83, 0xC1, 0xE0, 0xF0, 0x78, 0x3C, 0x1E, 0x0F, 0x07, 
  0x83, 0xC1, 0xE0, 0xF0, 0x78, 0x3C, 0x1E, 0x0F, 0x07, 0x83, 0xC1, 0xE0, 
  0xFF, 0xFF, 0xFF, 0xFF, 0xF0, 0xF8, 0x00, 0x1F, 0x00, 0x07, 0xC0, 0x00, 
  0xF8, 0x00, 0x3E, 0x00, 0x07, 0xC0, 0x01, 0xF0, 0x00, 0x3E, 0x00, 0x0F, 
  0x80, 0x01, 0xF0, 0x00, 0x7C, 0x00, 0x0F, 0x80, 0x03, 0xE0, 0x00, 0xFC, 
  0x00, 0x1F, 0x00, 0x07, 0xE0, 0x00, 0xF8, 0x00, 0x3F, 0x00, 0x07, 0xC0, 
  0x01, 0xF8, 0x00, 0x3E, 0x00, 0x0F, 0xC0, 0x01, 0xF0, 0x00, 0x7E, 0x00, 
  0x0F, 0xC0, 0xFF, 0xFF, 0xFF, 0xFF, 0xFF, 0x07, 0xC1, 0xF0, 0x7C, 0x1F, 
  0x07, 0xC1, 0xF0, 0x7C, 0x1F, 0x07, 0xC1, 0xF0, 0x7C, 0x1F, 0x07, 0xC1, 
  0xF0, 0x7C, 0x1F, 0x07, 0xC1, 0xF0, 0x7C, 0x1F, 0xFF, 0xFF, 0xFF, 0xFF, 
  0xFF, 0x01, 0xF0, 0x00, 0x7F, 0x00, 0x0F, 0xE0, 0x03, 0xFE, 0x00, 0xFF, 
  0xC0, 0x1F, 0x7C, 0x07, 0xC7, 0xC0, 0xF8, 0xF8, 0x3E, 0x0F, 0x87, 0xC1, 
  0xF3, 0xF0, 0x1F, 0x80, 0xFF, 0xFF, 0xFF, 0xFF, 0xFF, 0xFF, 0xFF, 0xFF, 
  0xFF, 0xFF, 0x20, 0x30, 0x78, 0xFC, 0x7E, 0x1F, 0x06, 0x0F, 0xE7, 0xC7, 
  0xFD, 0xF3, 0xFF, 0xFD, 0xFF, 0xFF, 0x7E, 0x1F, 0xFF, 0x03, 0xFF, 0x80, 
  0xFF, 0xE0, 0x1F, 0xF8, 0x07, 0xFE, 0x01, 0xFF, 0x80, 0xFF, 0xF0, 0x3F, 
  0x7E, 0x1F, 0xDF, 0xFF, 0xF3, 0xFF, 0xFC, 0x7F, 0xDF, 0x0F, 0xE7, 0xC0, 
  0xF8, 0x00, 0x3E, 0x00, 0x0F, 0x80, 0x03, 0xE0, 0x00, 0xF8, 0x00, 0x3E, 
  0x00, 0x0F, 0x80, 0x03, 0xE7, 0xF0, 0xFB, 0xFE, 0x3F, 0xFF, 0xCF, 0xFF, 
  0xFB, 0xF8, 0x7E, 0xFC, 0x0F, 0xFF, 0x01, 0xFF, 0x80, 0x7F, 0xE0, 0x1F, 
  0xF8, 0x07, 0xFF, 0x01, 0xFF, 0xC0, 0xFF, 0xF8, 0x7E, 0xFF, 0xFF, 0xBF, 
  0xFF, 0xCF, 0xFF, 0xE3, 0xE7, 0xF0, 0x07, 0xF8, 0x1F, 0xFE, 0x3F, 0xFF, 
  0x7F, 0xFE, 0x7E, 0x1C, 0x7C, 0x04, 0xF8, 0x00, 0xF8, 0x00, 0xF8, 0x00, 
  0xF8, 0x00, 0xFC, 0x00, 0x7C, 0x04, 0x7F, 0x1C, 0x7F, 0xFE, 0x3F, 0xFF, 
  0x1F, 0xFE, 0x07, 0xF8, 0x00, 0x07, 0xC0, 0x01, 0xF0, 0x00, 0x7C, 0x00, 
  0x1F, 0x00, 0x07, 0xC0, 0x01, 0xF0, 0x00, 0x7C, 0x3F, 0x9F, 0x1F, 0xFF, 
  0xCF, 0xFF, 0xF7, 0xFF, 0xFD, 0xF8, 0x7F, 0xFC, 0x0F, 0xFE, 0x01, 0xFF, 
  0x80, 0x7F, 0xE0, 0x1F, 0xF8, 0x07, 0xFE, 0x01, 0xFF, 0xC0, 0xFD, 0xF8, 
  0x7F, 0x7F, 0xFF, 0xCF, 0xFF, 0xF1, 0xFF, 0xFC, 0x3F, 0x9F, 0x07, 0xF0, 
  0x0F, 0xFE, 0x0F, 0xFF, 0x8F, 0xFF, 0xE7, 0xE1, 0xF3, 0xE0, 0x7B, 0xE0, 
  0x3F, 0xFF, 0xFF, 0xFF, 0xFF, 0xFF, 0xFF, 0xFE, 0x00, 0x0F, 0x80, 0x87, 
  0xF0, 0xC3, 0xFF, 0xF0, 0xFF, 0xFC, 0x3F, 0xFC, 0x07, 0xF8, 0x00, 0x03, 
  0xC0, 0xFF, 0x1F, 0xF1, 0xFE, 0x1F, 0xE3, 0xF0, 0x3E, 0x0F, 0xFE, 0xFF, 
  0xEF, 0xFE, 0xFF, 0xEF, 0xFE, 0x3E, 0x03, 0xE0, 0x3E, 0x03, 0xE0, 0x3E, 
  0x03, 0xE0, 0x3E, 0x03, 0xE0, 0x3E, 0x03, 0xE0, 0x3E, 0x03, 0xE0, 0x0F, 
  0xE7, 0xC7, 0xFF, 0xF3, 0xFF, 0xFD, 0xFF, 0xFF, 0x7E, 0x1F, 0xFF, 0x03, 
  0xFF, 0xC0, 0x7F, 0xE0, 0x1F, 0xF8, 0x07, 0xFE, 0x01, 0xFF, 0xC0, 0x7D, 
  0xF0, 0x3F, 0x7E, 0x1F, 0xCF, 0xFF, 0xF3, 0xFF, 0xFC, 0x7F, 0xDF, 0x07, 
  0xC7, 0xC0, 0x01, 0xF0, 0x00, 0xFC, 0x60, 0x7F, 0x3F, 0xFF, 0x8F, 0xFF, 
  0xC3, 0xFF, 0xE0, 0x3F, 0xF0, 0xF8, 0x00, 0xF8, 0x00, 0xF8, 0x00, 0xF8, 
  0x00, 0xF8, 0x00, 0xF8, 0x00, 0xF8, 0x00, 0xF9, 0xFC, 0xFB, 0xFE, 0xFF, 
  0xFE, 0xFF, 0xFF, 0xFE, 0x3F, 0xFC, 0x1F, 0xF8, 0x1F, 0xF8, 0x1F, 0xF8, 
  0x1F, 0xF8, 0x1F, 0xF8, 0x1F, 0xF8, 0x1F, 0xF8, 0x1F, 0xF8, 0x1F, 0xF8, 
  0x1F, 0xF8, 0x1F, 0xF8, 0x1F, 0x33, 0xFF, 0xFF, 0xFC, 0xC0, 0x00, 0x01, 
  0xF7, 0xDF, 0x7D, 0xF7, 0xDF, 0x7D, 0xF7, 0xDF, 0x7D, 0xF7, 0xDF, 0x7D, 
  0xF0, 0x06, 0x07, 0xC7, 0xE3, 0xF0, 0xF8, 0x30, 0x00, 0x00, 0x00, 0x07, 
  0xC3, 0xE1, 0xF0, 0xF8, 0x7C, 0x3E, 0x1F, 0x0F, 0x87, 0xC3, 0xE1, 0xF0, 
  0xF8, 0x7C, 0x3E, 0x1F, 0x0F, 0x87, 0xC7, 0xE3, 0xF7, 0xF7, 0xF9, 0xF8, 
  0xF8, 0x30, 0x00, 0xF8, 0x00, 0x3E, 0x00, 0x0F, 0x80, 0x03, 0xE0, 0x00, 
  0xF8, 0x00, 0x3E, 0x00, 0x0F, 0x80, 0x03, 0xE0, 0x7F, 0xF8, 0x3F, 0x3E, 
  0x1F, 0x8F, 0x8F, 0xC3, 0xE7, 0xE0, 0xFB, 0xF0, 0x3F, 0xF8, 0x0F, 0xFC, 
  0x03, 0xFF, 0x80, 0xFF, 0xF0, 0x3F, 0xFE, 0x0F, 0xCF, 0x83, 0xE3, 0xF0, 
  0xF8, 0x7E, 0x3E, 0x0F, 0xCF, 0x81, 0xFB, 0xE0, 0x7F, 0xFF, 0xFF, 0xFF, 
  0xFF, 0xFF, 0xFF, 0xFF, 0xFF, 0xFF, 0xFF, 0xFF, 0xFF, 0xFF, 0xFF, 0xFF, 
  0xF9, 0xF8, 0x3F, 0x1F, 0x7F, 0x9F, 0xF3, 0xFF, 0xFF, 0xFF, 0x7F, 0xFF, 
  0xFF, 0xEF, 0xE3, 0xF8, 0x7F, 0xF8, 0x3E, 0x0F, 0xFE, 0x07, 0xC0, 0xFF, 
  0xC0, 0xF8, 0x1F, 0xF8, 0x1F, 0x03, 0xFF, 0x03, 0xE0, 0x7F, 0xE0, 0x7C, 
  0x0F, 0xFC, 0x0F, 0x81, 0xFF, 0x81, 0xF0, 0x3F, 0xF0, 0x3E, 0x07, 0xFE, 
  0x07, 0xC0, 0xFF, 0xC0, 0xF8, 0x1F, 0xF8, 0x1F, 0x03, 0xE0, 0xF9, 0xFC, 
  0xFB, 0xFE, 0xFF, 0xFE, 0xFF, 0xFF, 0xFE, 0x3F, 0xFC, 0x1F, 0xF8, 0x1F, 
  0xF8, 0x1F, 0xF8, 0x1F, 0xF8, 0x1F, 0xF8, 0x1F, 0xF8, 0x1F, 0xF8, 0x1F, 
  0xF8, 0x1F, 0xF8, 0x1F, 0xF8, 0x1F, 0xF8, 0x1F, 0x07, 0xF8, 0x07, 0xFF, 
  0x83, 0xFF, 0xF0, 0xFF, 0xFE, 0x7E, 0x1F, 0xDF, 0x03, 0xFF, 0xC0, 0x7F, 
  0xE0, 0x1F, 0xF8, 0x07, 0xFE, 0x01, 0xFF, 0xC0, 0x7D, 0xF0, 0x3F, 0x7F, 
  0x1F, 0xCF, 0xFF, 0xE3, 0xFF, 0xF0, 0x7F, 0xF8, 0x07, 0xF8, 0x00, 0xF9, 
  0xFC, 0x3E, 0xFF, 0x8F, 0xFF, 0xF3, 0xFF, 0xFE, 0xFE, 0x1F, 0xBF, 0x03, 
  0xFF, 0xC0, 0x7F, 0xE0, 0x1F, 0xF8, 0x07, 0xFE, 0x01, 0xFF, 0xC0, 0x7F, 
  0xF0, 0x3F, 0xFE, 0x1F, 0xBF, 0xFF, 0xEF, 0xFF, 0xF3, 0xEF, 0xF8, 0xF9, 
  0xFC, 0x3E, 0x00, 0x0F, 0x80, 0x03, 0xE0, 0x00, 0xF8, 0x00, 0x3E, 0x00, 
  0x0F, 0x80, 0x03, 0xE0, 0x00, 0x0F, 0xE7, 0xC7, 0xFF, 0xF3, 0xFF, 0xFD, 
  0xFF, 0xFF, 0x7E, 0x1F, 0xFF, 0x03, 0xFF, 0x80, 0xFF, 0xE0, 0x1F, 0xF8, 
  0x07, 0xFE, 0x01, 0xFF, 0x80, 0xFF, 0xF0, 0x3F, 0x7E, 0x1F, 0xDF, 0xFF, 
  0xF3, 0xFF, 0xFC, 0x7F, 0xDF, 0x0F, 0xE7, 0xC0, 0x01, 0xF0, 0x00, 0x7C, 
  0x00, 0x1F, 0x00, 0x07, 0xC0, 0x01, 0xF0, 0x00, 0x7C, 0x00, 0x1F, 0xF9, 
  0xFF, 0xBF, 0xFF, 0xFF, 0xFE, 0xFF, 0xEF, 0xE2, 0xFC, 0x0F, 0xC0, 0xF8, 
  0x0F, 0x80, 0xF8, 0x0F, 0x80, 0xF8, 0x0F, 0x80, 0xF8, 0x0F, 0x80, 0xF8, 
  0x00, 0x1F, 0xE0, 0xFF, 0xE7, 0xFF, 0xFF, 0x3E, 0xF8, 0x33, 0xF0, 0x0F, 
  0xF0, 0x1F, 0xF8, 0x3F, 0xF8, 0x7F, 0xE0, 0x3F, 0xC0, 0x1F, 0x30, 0x7D, 
  0xFB, 0xFF, 0xFF, 0x9F, 0xFC, 0x1F, 0xE0, 0x1F, 0x03, 0xE0, 0x7C, 0x0F, 
  0x8F, 0xFF, 0xFF, 0xFF, 0xFF, 0xFF, 0x1F, 0x03, 0xE0, 0x7C, 0x0F, 0x81, 
  0xF0, 0x3E, 0x07, 0xC0, 0xF8, 0x1F, 0x03, 0xE0, 0x7C, 0x0F, 0x81, 0xF0, 
  0xF8, 0x1F, 0xF8, 0x1F, 0xF8, 0x1F, 0xF8, 0x1F, 0xF8, 0x1F, 0xF8, 0x1F, 
  0xF8, 0x1F, 0xF8, 0x1F, 0xF8, 0x1F, 0xF8, 0x1F, 0xF8, 0x1F, 0xFC, 0x1F, 
  0xFC, 0x3F, 0x7F, 0xFF, 0x7F, 0xFF, 0x3F, 0xFF, 0x1F, 0x9F, 0xFC, 0x07, 
  0xEF, 0xC0, 0xF9, 0xF8, 0x1F, 0x1F, 0x07, 0xC3, 0xF0, 0xF8, 0x3E, 0x3F, 
  0x07, 0xC7, 0xC0, 0x7C, 0xF8, 0x0F, 0xBE, 0x01, 0xF7, 0xC0, 0x1F, 0xF0, 
  0x03, 0xFE, 0x00, 0x3F, 0x80, 0x07, 0xF0, 0x00, 0xFE, 0x00, 0x0F, 0x80, 
  0x01, 0xF0, 0x00, 0xFC, 0x00, 0x07, 0xDF, 0x00, 0x03, 0xF7, 0xE0, 0xE0, 
  0xF8, 0xF8, 0x78, 0x3E, 0x3E, 0x1F, 0x0F, 0x8F, 0x8F, 0xC7, 0xC1, 0xF3, 
  0xF9, 0xF0, 0x7C, 0xFE, 0x7C, 0x1F, 0x7F, 0xBE, 0x03, 0xDE, 0xFF, 0x80, 
  0xFF, 0x3F, 0xE0, 0x3F, 0xC7, 0xF0, 0x0F, 0xF1, 0xFC, 0x01, 0xF8, 0x7F, 
  0x00, 0x7E, 0x0F, 0x80, 0x1F, 0x03, 0xE0, 0x03, 0xC0, 0x78, 0x00, 0xFC, 
  0x1F, 0xDF, 0x87, 0xC3, 0xF3, 0xF0, 0xFC, 0xF8, 0x1F, 0xFC, 0x03, 0xFF, 
  0x00, 0xFF, 0x80, 0x1F, 0xC0, 0x03, 0xF0, 0x01, 0xFC, 0x00, 0xFF, 0x80, 
  0x3F, 0xF0, 0x1F, 0x7E, 0x0F, 0xDF, 0x87, 0xE3, 0xF1, 0xF0, 0x7E, 0xFC, 
  0x1F, 0xC0, 0xFC, 0x03, 0xF7, 0xE0, 0x7E, 0x7E, 0x07, 0xE3, 0xE0, 0x7C, 
  0x3F, 0x0F, 0xC1, 0xF0, 0xF8, 0x1F, 0x8F, 0x80, 0xF9, 0xF8, 0x0F, 0xDF, 
  0x00, 0x7D, 0xF0, 0x07, 0xFE, 0x00, 0x7F, 0xE0, 0x03, 0xFC, 0x00, 0x3F, 
  0xC0, 0x01, 0xFC, 0x00, 0x1F, 0x80, 0x00, 0xF8, 0x00, 0x1F, 0x00, 0x01, 
  0xF0, 0x00, 0x3E, 0x00, 0x03, 0xE0, 0x00, 0x3E, 0x00, 0x07, 0xC0, 0x00, 
  0xFC, 0x00, 0xFF, 0xFF, 0xFF, 0xFF, 0xFF, 0xFF, 0xFE, 0x01, 0xF8, 0x0F, 
  0xC0, 0x7E, 0x01, 0xF0, 0x0F, 0xC0, 0x7E, 0x03, 0xF0, 0x0F, 0x80, 0x7E, 
  0x03, 0xFF, 0xFF, 0xFF, 0xFF, 0xFF, 0xFF, 0xFC, 0x00, 0x20, 0x1E, 0x03, 
  0xE0, 0x7F, 0x07, 0xE0, 0xF8, 0x0F, 0x80, 0xF8, 0x0F, 0x80, 0xF8, 0x0F, 
  0x80, 0xF8, 0x1F, 0x0F, 0xF0, 0xFC, 0x0F, 0xC0, 0xFF, 0x01, 0xF0, 0x0F, 
  0x80, 0xF8, 0x0F, 0x80, 0xF8, 0x0F, 0x80, 0xF8, 0x0F, 0x80, 0x7E, 0x07, 
  0xF0, 0x3E, 0x01, 0xE0, 0x02, 0xFF, 0xFF, 0xFF, 0xFF, 0xFF, 0xFF, 0xFF, 
  0xFF, 0xFF, 0xFF, 0xFF, 0xFF, 0xFF, 0xFF, 0xFF, 0xFF, 0xFF, 0xFF, 0xFC, 
  0x40, 0x0E, 0x03, 0xF0, 0x7F, 0x0F, 0xE0, 0x7C, 0x07, 0x80, 0xF0, 0x1E, 
  0x03, 0xC0, 0x78, 0x0F, 0x81, 0xF0, 0x1F, 0xC1, 0xF8, 0x3F, 0x0F, 0xE3, 
  0xE0, 0x7C, 0x0F, 0x01, 0xE0, 0x3C, 0x07, 0x80, 0xF0, 0x3E, 0x0F, 0xC3, 
  0xF8, 0x7E, 0x07, 0x00, 0x80, 0x00, 0x0C, 0x0F, 0x3F, 0x8F, 0x7F, 0xFF, 
  0xFF, 0xFE, 0xFF, 0xFE, 0xF1, 0xFC, 0xF0, 0x10, 0xFF, 0xFF, 0xC0, 0x01, 
  0xA0, 0x01, 0x90, 0x01, 0x98, 0x01, 0x88, 0x01, 0x84, 0x01, 0x86, 0x01, 
  0x82, 0x01, 0x81, 0x01, 0x80, 0x81, 0x80, 0x81, 0x80, 0x41, 0x80, 0x21, 
  0x80, 0x21, 0x80, 0x11, 0x80, 0x09, 0x80, 0x0D, 0x80, 0x05, 0x80, 0x03, 
  0x80, 0x03, 0xFF, 0xFF, 0xFF, 0xFF, 0xC0, 0x01, 0xA0, 0x01, 0x90, 0x01, 
  0x98, 0x01, 0x88, 0x01, 0x84, 0x01, 0x86, 0x01, 0x82, 0x01, 0x81, 0x01, 
  0x80, 0x81, 0x80, 0x81, 0x80, 0x41, 0x80, 0x21, 0x80, 0x21, 0x80, 0x11, 
  0x80, 0x09, 0x80, 0x0D, 0x80, 0x05, 0x80, 0x03, 0x80, 0x03, 0xFF, 0xFF, 
  0xFF, 0xFF, 0xC0, 0x01, 0xA0, 0x01, 0x90, 0x01, 0x98, 0x01, 0x88, 0x01, 
  0x84, 0x01, 0x86, 0x01, 0x82, 0x01, 0x81, 0x01, 0x80, 0x81, 0x80, 0x81, 
  0x80, 0x41, 0x80, 0x21, 0x80, 0x21, 0x80, 0x11, 0x80, 0x09, 0x80, 0x0D, 
  0x80, 0x05, 0x80, 0x03, 0x80, 0x03, 0xFF, 0xFF, 0xFF, 0xFF, 0xC0, 0x01, 
  0xA0, 0x01, 0x90, 0x01, 0x98, 0x01, 0x88, 0x01, 0x84, 0x01, 0x86, 0x01, 
  0x82, 0x01, 0x81, 0x01, 0x80, 0x81, 0x80, 0x81, 0x80, 0x41, 0x80, 0x21, 
  0x80, 0x21, 0x80, 0x11, 0x80, 0x09, 0x80, 0x0D, 0x80, 0x05, 0x80, 0x03, 
  0x80, 0x03, 0xFF, 0xFF, 0xFF, 0xFF, 0xC0, 0x01, 0xA0, 0x01, 0x90, 0x01, 
  0x98, 0x01, 0x88, 0x01, 0x84, 0x01, 0x86, 0x01, 0x82, 0x01, 0x81, 0x01, 
  0x80, 0x81, 0x80, 0x81, 0x80, 0x41, 0x80, 0x21, 0x80, 0x21, 0x80, 0x11, 
  0x80, 0x09, 0x80, 0x0D, 0x80, 0x05, 0x80, 0x03, 0x80, 0x03, 0xFF, 0xFF, 
  0xFF, 0xFF, 0xC0, 0x01, 0xA0, 0x01, 0x90, 0x01, 0x98, 0x01, 0x88, 0x01, 
  0x84, 0x01, 0x86, 0x01, 0x82, 0x01, 0x81, 0x01, 0x80, 0x81, 0x80, 0x81, 
  0x80, 0x41, 0x80, 0x21, 0x80, 0x21, 0x80, 0x11, 0x80, 0x09, 0x80, 0x0D, 
  0x80, 0x05, 0x80, 0x03, 0x80, 0x03, 0xFF, 0xFF, 0xFF, 0xFF, 0xC0, 0x01, 
  0xA0, 0x01, 0x90, 0x01, 0x98, 0x01, 0x88, 0x01, 0x84, 0x01, 0x86, 0x01, 
  0x82, 0x01, 0x81, 0x01, 0x80, 0x81, 0x80, 0x81, 0x80, 0x41, 0x80, 0x21, 
  0x80, 0x21, 0x80, 0x11, 0x80, 0x09, 0x80, 0x0D, 0x80, 0x05, 0x80, 0x03, 
  0x80, 0x03, 0xFF, 0xFF, 0xFF, 0xFF, 0xC0, 0x01, 0xA0, 0x01, 0x90, 0x01, 
  0x98, 0x01, 0x88, 0x01, 0x84, 0x01, 0x86, 0x01, 0x82, 0x01, 0x81, 0x01, 
  0x80, 0x81, 0x80, 0x81, 0x80, 0x41, 0x80, 0x21, 0x80, 0x21, 0x80, 0x11, 
  0x80, 0x09, 0x80, 0x0D, 0x80, 0x05, 0x80, 0x03, 0x80, 0x03, 0xFF, 0xFF, 
  0xFF, 0xFF, 0xC0, 0x01, 0xA0, 0x01, 0x90, 0x01, 0x98, 0x01, 0x88, 0x01, 
  0x84, 0x01, 0x86, 0x01, 0x82, 0x01, 0x81, 0x01, 0x80, 0x81, 0x80, 0x81, 
  0x80, 0x41, 0x80, 0x21, 0x80, 0x21, 0x80, 0x11, 0x80, 0x09, 0x80, 0x0D, 
  0x80, 0x05, 0x80, 0x03, 0x80, 0x03, 0xFF, 0xFF, 0xFF, 0xFF, 0xC0, 0x01, 
  0xA0, 0x01, 0x90, 0x01, 0x98, 0x01, 0x88, 0x01, 0x84, 0x01, 0x86, 0x01, 
  0x82, 0x01, 0x81, 0x01, 0x80, 0x81, 0x80, 0x81, 0x80, 0x41, 0x80, 0x21, 
  0x80, 0x21, 0x80, 0x11, 0x80, 0x09, 0x80, 0x0D, 0x80, 0x05, 0x80, 0x03, 
  0x80, 0x03, 0xFF, 0xFF, 0xFF, 0xFF, 0xC0, 0x01, 0xA0, 0x01, 0x90, 0x01, 
  0x98, 0x01, 0x88, 0x01, 0x84, 0x01, 0x86, 0x01, 0x82, 0x01, 0x81, 0x01, 
  0x80, 0x81, 0x80, 0x81, 0x80, 0x41, 0x80, 0x21, 0x80, 0x21, 0x80, 0x11, 
  0x80, 0x09, 0x80, 0x0D, 0x80, 0x05, 0x80, 0x03, 0x80, 0x03, 0xFF, 0xFF, 
  0xFF, 0xFF, 0xC0, 0x01, 0xA0, 0x01, 0x90, 0x01, 0x98, 0x01, 0x88, 0x01, 
  0x84, 0x01, 0x86, 0x01, 0x82, 0x01, 0x81, 0x01, 0x80, 0x81, 0x80, 0x81, 
  0x80, 0x41, 0x80, 0x21, 0x80, 0x21, 0x80, 0x11, 0x80, 0x09, 0x80, 0x0D, 
  0x80, 0x05, 0x80, 0x03, 0x80, 0x03, 0xFF, 0xFF, 0xFF, 0xFF, 0xC0, 0x01, 
  0xA0, 0x01, 0x90, 0x01, 0x98, 0x01, 0x88, 0x01, 0x84, 0x01, 0x86, 0x01, 
  0x82, 0x01, 0x81, 0x01, 0x80, 0x81, 0x80, 0x81, 0x80, 0x41, 0x80, 0x21, 
  0x80, 0x21, 0x80, 0x11, 0x80, 0x09, 0x80, 0x0D, 0x80, 0x05, 0x80, 0x03, 
  0x80, 0x03, 0xFF, 0xFF, 0xFF, 0xFF, 0xC0, 0x01, 0xA0, 0x01, 0x90, 0x01, 
  0x98, 0x01, 0x88, 0x01, 0x84, 0x01, 0x86, 0x01, 0x82, 0x01, 0x81, 0x01, 
  0x80, 0x81, 0x80, 0x81, 0x80, 0x41, 0x80, 0x21, 0x80, 0x21, 0x80, 0x11, 
  0x80, 0x09, 0x80, 0x0D, 0x80, 0x05, 0x80, 0x03, 0x80, 0x03, 0xFF, 0xFF, 
  0xFF, 0xFF, 0xC0, 0x01, 0xA0, 0x01, 0x90, 0x01, 0x98, 0x01, 0x88, 0x01, 
  0x84, 0x01, 0x86, 0x01, 0x82, 0x01, 0x81, 0x01, 0x80, 0x81, 0x80, 0x81, 
  0x80, 0x41, 0x80, 0x21, 0x80, 0x21, 0x80, 0x11, 0x80, 0x09, 0x80, 0x0D, 
  0x80, 0x05, 0x80, 0x03, 0x80, 0x03, 0xFF, 0xFF, 0xFF, 0xFF, 0xC0, 0x01, 
  0xA0, 0x01, 0x90, 0x01, 0x98, 0x01, 0x88, 0x01, 0x84, 0x01, 0x86, 0x01, 
  0x82, 0x01, 0x81, 0x01, 0x80, 0x81, 0x80, 0x81, 0x80, 0x41, 0x80, 0x21, 
  0x80, 0x21, 0x80, 0x11, 0x80, 0x09, 0x80, 0x0D, 0x80, 0x05, 0x80, 0x03, 
  0x80, 0x03, 0xFF, 0xFF, 0xFF, 0xFF, 0xC0, 0x01, 0xA0, 0x01, 0x90, 0x01, 
  0x98, 0x01, 0x88, 0x01, 0x84, 0x01, 0x86, 0x01, 0x82, 0x01, 0x81, 0x01, 
  0x80, 0x81, 0x80, 0x81, 0x80, 0x41, 0x80, 0x21, 0x80, 0x21, 0x80, 0x11, 
  0x80, 0x09, 0x80, 0x0D, 0x80, 0x05, 0x80, 0x03, 0x80, 0x03, 0xFF, 0xFF, 
  0xFF, 0xFF, 0xC0, 0x01, 0xA0, 0x01, 0x90, 0x01, 0x98, 0x01, 0x88, 0x01, 
  0x84, 0x01, 0x86, 0x01, 0x82, 0x01, 0x81, 0x01, 0x80, 0x81, 0x80, 0x81, 
  0x80, 0x41, 0x80, 0x21, 0x80, 0x21, 0x80, 0x11, 0x80, 0x09, 0x80, 0x0D, 
  0x80, 0x05, 0x80, 0x03, 0x80, 0x03, 0xFF, 0xFF, 0xFF, 0xFF, 0xC0, 0x01, 
  0xA0, 0x01, 0x90, 0x01, 0x98, 0x01, 0x88, 0x01, 0x84, 0x01, 0x86, 0x01, 
  0x82, 0x01, 0x81, 0x01, 0x80, 0x81, 0x80, 0x81, 0x80, 0x41, 0x80, 0x21, 
  0x80, 0x21, 0x80, 0x11, 0x80, 0x09, 0x80, 0x0D, 0x80, 0x05, 0x80, 0x03, 
  0x80, 0x03, 0xFF, 0xFF, 0xFF, 0xFF, 0xC0, 0x01, 0xA0, 0x01, 0x90, 0x01, 
  0x98, 0x01, 0x88, 0x01, 0x84, 0x01, 0x86, 0x01, 0x82, 0x01, 0x81, 0x01, 
  0x80, 0x81, 0x80, 0x81, 0x80, 0x41, 0x80, 0x21, 0x80, 0x21, 0x80, 0x11, 
  0x80, 0x09, 0x80, 0x0D, 0x80, 0x05, 0x80, 0x03, 0x80, 0x03, 0xFF, 0xFF, 
  0xFF, 0xFF, 0xC0, 0x01, 0xA0, 0x01, 0x90, 0x01, 0x98, 0x01, 0x88, 0x01, 
  0x84, 0x01, 0x86, 0x01, 0x82, 0x01, 0x81, 0x01, 0x80, 0x81, 0x80, 0x81, 
  0x80, 0x41, 0x80, 0x21, 0x80, 0x21, 0x80, 0x11, 0x80, 0x09, 0x80, 0x0D, 
  0x80, 0x05, 0x80, 0x03, 0x80, 0x03, 0xFF, 0xFF, 0xFF, 0xFF, 0xC0, 0x01, 
  0xA0, 0x01, 0x90, 0x01, 0x98, 0x01, 0x88, 0x01, 0x84, 0x01, 0x86, 0x01, 
  0x82, 0x01, 0x81, 0x01, 0x80, 0x81, 0x80, 0x81, 0x80, 0x41, 0x80, 0x21, 
  0x80, 0x21, 0x80, 0x11, 0x80, 0x09, 0x80, 0x0D, 0x80, 0x05, 0x80, 0x03, 
  0x80, 0x03, 0xFF, 0xFF, 0xFF, 0xFF, 0xC0, 0x01, 0xA0, 0x01, 0x90, 0x01, 
  0x98, 0x01, 0x88, 0x01, 0x84, 0x01, 0x86, 0x01, 0x82, 0x01, 0x81, 0x01, 
  0x80, 0x81, 0x80, 0x81, 0x80, 0x41, 0x80, 0x21, 0x80, 0x21, 0x80, 0x11, 
  0x80, 0x09, 0x80, 0x0D, 0x80, 0x05, 0x80, 0x03, 0x80, 0x03, 0xFF, 0xFF, 
  0xFF, 0xFF, 0xC0, 0x01, 0xA0, 0x01, 0x90, 0x01, 0x98, 0x01, 0x88, 0x01, 
  0x84, 0x01, 0x86, 0x01, 0x82, 0x01, 0x81, 0x01, 0x80, 0x81, 0x80, 0x81, 
  0x80, 0x41, 0x80, 0x21, 0x80, 0x21, 0x80, 0x11, 0x80, 0x09, 0x80, 0x0D, 
  0x80, 0x05, 0x80, 0x03, 0x80, 0x03, 0xFF, 0xFF, 0xFF, 0xFF, 0xC0, 0x01, 
  0xA0, 0x01, 0x90, 0x01, 0x98, 0x01, 0x88, 0x01, 0x84, 0x01, 0x86, 0x01, 
  0x82, 0x01, 0x81, 0x01, 0x80, 0x81, 0x80, 0x81, 0x80, 0x41, 0x80, 0x21, 
  0x80, 0x21, 0x80, 0x11, 0x80, 0x09, 0x80, 0x0D, 0x80, 0x05, 0x80, 0x03, 
  0x80, 0x03, 0xFF, 0xFF, 0xFF, 0xFF, 0xC0, 0x01, 0xA0, 0x01, 0x90, 0x01, 
  0x98, 0x01, 0x88, 0x01, 0x84, 0x01, 0x86, 0x01, 0x82, 0x01, 0x81, 0x01, 
  0x80, 0x81, 0x80, 0x81, 0x80, 0x41, 0x80, 0x21, 0x80, 0x21, 0x80, 0x11, 
  0x80, 0x09, 0x80, 0x0D, 0x80, 0x05, 0x80, 0x03, 0x80, 0x03, 0xFF, 0xFF, 
  0xFF, 0xFF, 0xC0, 0x01, 0xA0, 0x01, 0x90, 0x01, 0x98, 0x01, 0x88, 0x01, 
  0x84, 0x01, 0x86, 0x01, 0x82, 0x01, 0x81, 0x01, 0x80, 0x81, 0x80, 0x81, 
  0x80, 0x41, 0x80, 0x21, 0x80, 0x21, 0x80, 0x11, 0x80, 0x09, 0x80, 0x0D, 
  0x80, 0x05, 0x80, 0x03, 0x80, 0x03, 0xFF, 0xFF, 0xFF, 0xFF, 0xC0, 0x01, 
  0xA0, 0x01, 0x90, 0x01, 0x98, 0x01, 0x88, 0x01, 0x84, 0x01, 0x86, 0x01, 
  0x82, 0x01, 0x81, 0x01, 0x80, 0x81, 0x80, 0x81, 0x80, 0x41, 0x80, 0x21, 
  0x80, 0x21, 0x80, 0x11, 0x80, 0x09, 0x80, 0x0D, 0x80, 0x05, 0x80, 0x03, 
  0x80, 0x03, 0xFF, 0xFF, 0xFF, 0xFF, 0xC0, 0x01, 0xA0, 0x01, 0x90, 0x01, 
  0x98, 0x01, 0x88, 0x01, 0x84, 0x01, 0x86, 0x01, 0x82, 0x01, 0x81, 0x01, 
  0x80, 0x81, 0x80, 0x81, 0x80, 0x41, 0x80, 0x21, 0x80, 0x21, 0x80, 0x11, 
  0x80, 0x09, 0x80, 0x0D, 0x80, 0x05, 0x80, 0x03, 0x80, 0x03, 0xFF, 0xFF, 
  0xFF, 0xFF, 0xC0, 0x01, 0xA0, 0x01, 0x90, 0x01, 0x98, 0x01, 0x88, 0x01, 
  0x84, 0x01, 0x86, 0x01, 0x82, 0x01, 0x81, 0x01, 0x80, 0x81, 0x80, 0x81, 
  0x80, 0x41, 0x80, 0x21, 0x80, 0x21, 0x80, 0x11, 0x80, 0x09, 0x80, 0x0D, 
  0x80, 0x05, 0x80, 0x03, 0x80, 0x03, 0xFF, 0xFF, 0xFF, 0xFF, 0xC0, 0x01, 
  0xA0, 0x01, 0x90, 0x01, 0x98, 0x01, 0x88, 0x01, 0x84, 0x01, 0x86, 0x01, 
  0x82, 0x01, 0x81, 0x01, 0x80, 0x81, 0x80, 0x81, 0x80, 0x41, 0x80, 0x21, 
  0x80, 0x21, 0x80, 0x11, 0x80, 0x09, 0x80, 0x0D, 0x80, 0x05, 0x80, 0x03, 
  0x80, 0x03, 0xFF, 0xFF, 0xFF, 0xFF, 0xC0, 0x01, 0xA0, 0x01, 0x90, 0x01, 
  0x98, 0x01, 0x88, 0x01, 0x84, 0x01, 0x86, 0x01, 0x82, 0x01, 0x81, 0x01, 
  0x80, 0x81, 0x80, 0x81, 0x80, 0x41, 0x80, 0x21, 0x80, 0x21, 0x80, 0x11, 
  0x80, 0x09, 0x80, 0x0D, 0x80, 0x05, 0x80, 0x03, 0x80, 0x03, 0xFF, 0xFF, 
  0xFF, 0xFF, 0xC0, 0x01, 0xA0, 0x01, 0x90, 0x01, 0x98, 0x01, 0x88, 0x01, 
  0x84, 0x01, 0x86, 0x01, 0x82, 0x01, 0x81, 0x01, 0x80, 0x81, 0x80, 0x81, 
  0x80, 0x41, 0x80, 0x21, 0x80, 0x21, 0x80, 0x11, 0x80, 0x09, 0x80, 0x0D, 
  0x80, 0x05, 0x80, 0x03, 0x80, 0x03, 0xFF, 0xFF, 0x00, 0x7B, 0xFF, 0xFF, 
  0x78, 0x00, 0x00, 0x79, 0xE7, 0x9E, 0x79, 0xEF, 0xBE, 0xFB, 0xEF, 0xFF, 
  0xFF, 0xFF, 0xC0, 0x01, 0xE0, 0x01, 0xE0, 0x01, 0xE0, 0x03, 0xF8, 0x0F, 
  0xFE, 0x1F, 0xFF, 0x3F, 0xFF, 0x7F, 0xFE, 0x7E, 0xE4, 0x7C, 0xE0, 0x7C, 
  0xE0, 0xF8, 0xE0, 0xFC, 0xE0, 0x7C, 0xE0, 0x7C, 0xE4, 0x7F, 0xEE, 0x3F, 
  0xFF, 0x1F, 0xFF, 0x0F, 0xFE, 0x07, 0xFC, 0x01, 0xE0, 0x01, 0xE0, 0x01, 
  0xE0, 0x01, 0xF8, 0x00, 0xFF, 0xE0, 0x3F, 0xFE, 0x0F, 0xFF, 0x81, 0xFF, 
  0xE0, 0x3E, 0x18, 0x0F, 0x80, 0x01, 0xF0, 0x00, 0x1E, 0x00, 0x03, 0xC0, 
  0x03, 0xFF, 0xF0, 0x7F, 0xFE, 0x0F, 0xFF, 0xC0, 0x1E, 0x00, 0x03, 0xE0, 
  0x00, 0x7C, 0x00, 0x07, 0x80, 0x01, 0xF0, 0x00, 0xFE, 0x02, 0x7F, 0xFF, 
  0xCF, 0xFF, 0xFC, 0xFF, 0xFF, 0xDC, 0x3F, 0xF0, 0x00, 0x70, 0x10, 0x08, 
  0x30, 0x0C, 0x7F, 0xFE, 0xFF, 0xFF, 0x7F, 0xFE, 0x3F, 0xFC, 0x3C, 0x3C, 
  0x7C, 0x3E, 0x7C, 0x3E, 0x7C, 0x3E, 0x3E, 0x7C, 0x7F, 0xFE, 0xFF, 0xFF, 
  0x7F, 0xFE, 0x38, 0x9C, 0x10, 0x08, 0xFE, 0x00, 0xFD, 0xF8, 0x07, 0xE3, 
  0xF0, 0x3F, 0x07, 0xE0, 0xFC, 0x1F, 0x87, 0xE0, 0x3F, 0x1F, 0x00, 0x7E, 
  0xFC, 0x01, 0xFF, 0xE0, 0x03, 0xFF, 0x00, 0x07, 0xFC, 0x00, 0x1F, 0xE0, 
  0x00, 0x3F, 0x00, 0x07, 0xFF, 0xC0, 0x1F, 0xFF, 0x00, 0x07, 0xC0, 0x00, 
  0x1F, 0x00, 0x07, 0xFF, 0xC0, 0x1F, 0xFF, 0x00, 0x07, 0xC0, 0x00, 0x1F, 
  0x00, 0x00, 0x7C, 0x00, 0x01, 0xF0, 0x00, 0xFF, 0xFF, 0xFF, 0xFF, 0xFF, 
  0xFF, 0xFF, 0xFF, 0x80, 0x00, 0x00, 0x3F, 0xFF, 0xFF, 0xFF, 0xFF, 0xFF, 
  0xFF, 0xFC, 0x03, 0xF0, 0x0F, 0xFC, 0x1F, 0xFF, 0x3F, 0xFE, 0x3E, 0x1C, 
  0x3C, 0x04, 0x3E, 0x00, 0x3F, 0x80, 0x3F, 0xE0, 0x1F, 0xF8, 0x3F, 0xFE, 
  0x7F, 0xFF, 0xF8, 0x7F, 0xF8, 0x1F, 0xFC, 0x1F, 0xFF, 0x1F, 0x7F, 0xFE, 
  0x3F, 0xFC, 0x1F, 0xFC, 0x03, 0xFC, 0x00, 0xFE, 0x00, 0x3E, 0x30, 0x3E, 
  0x7C, 0x7E, 0xFF, 0xFC, 0x7F, 0xFC, 0x1F, 0xF0, 0x03, 0x00, 0x78, 0x7B, 
  0xF3, 0xFF, 0xCF, 0xDF, 0x3E, 0x78, 0x78, 0x00, 0xFE, 0x00, 0x07, 0xFF, 
  0x00, 0x3F, 0x1F, 0x80, 0xF0, 0x07, 0x83, 0xC0, 0x03, 0x87, 0x07, 0x83, 
  0x9C, 0x3F, 0xC7, 0x30, 0xFF, 0x87, 0xE3, 0xFF, 0x0F, 0x87, 0xC4, 0x0F, 
  0x1F, 0x00, 0x1E, 0x3E, 0x00, 0x3C, 0x7C, 0x00, 0x78, 0x78, 0x00, 0xF8, 
  0xFD, 0x81, 0xF1, 0xFF, 0x87, 0x61, 0xFF, 0x8C, 0xE0, 0xFE, 0x38, 0xE0, 
  0x00, 0xE0, 0xE0, 0x03, 0xC0, 0xF0, 0x1F, 0x00, 0xFF, 0xF8, 0x00, 0x7F, 
  0xE0, 0x00, 0x08, 0x00, 0x3D, 0xDF, 0xFF, 0xFF, 0xCF, 0xE1, 0xF8, 0x7E, 
  0x1F, 0xFF, 0xFF, 0xDF, 0x71, 0x00, 0x02, 0x04, 0x03, 0x83, 0x83, 0xE3, 
  0xE3, 0xE3, 0xE1, 0xE1, 0xE1, 0xF1, 0xF1, 0xF1, 0xF1, 0xF1, 0xF0, 0x7C, 
  0x7C, 0x1F, 0x3E, 0x0F, 0x8F, 0x83, 0xE3, 0xE0, 0xF8, 0xF0, 0x38, 0x3C, 
  0x18, 0x18, 0xFF, 0xFF, 0xFF, 0xFF, 0xFF, 0xFF, 0xFF, 0xFF, 0xFF, 0xF0, 
  0x00, 0x3E, 0x00, 0x07, 0xC0, 0x00, 0xF8, 0x00, 0x1F, 0x00, 0x03, 0xE0, 
  0x00, 0x7C, 0xFF, 0xFF, 0xFF, 0xFF, 0xFF, 0xFF, 0xFE, 0x0F, 0xF0, 0x1F, 
  0xF8, 0x38, 0x1C, 0x70, 0x06, 0x67, 0xE7, 0xE7, 0xF3, 0xC7, 0x73, 0xC7, 
  0xE3, 0xC7, 0xE3, 0xE7, 0x63, 0x67, 0x77, 0x70, 0x06, 0x38, 0x1C, 0x1F, 
  0xF8, 0x0F, 0xF0, 0xFF, 0xFF, 0xFF, 0xFF, 0xFF, 0x1F, 0x07, 0xF1, 0xFF, 
  0x7D, 0xFF, 0x1F, 0xE3, 0xFC, 0x7B, 0xFE, 0x7F, 0xC7, 0xF0, 0x03, 0xE0, 
  0x03, 0xE0, 0x03, 0xE0, 0x03, 0xE0, 0xFF, 0xFF, 0xFF, 0xFF, 0xFF, 0xFF, 
  0xFF, 0xFF, 0x03, 0xE0, 0x03, 0xE0, 0x03, 0xE0, 0x03, 0xE0, 0x00, 0x00, 
  0x00, 0x00, 0xFF, 0xFF, 0xFF, 0xFF, 0xFF, 0xFF, 0xFF, 0xFF, 0x1F, 0x1F, 
  0xEF, 0xF9, 0xCE, 0x23, 0x81, 0xE0, 0xF0, 0x78, 0x7C, 0x3F, 0xF7, 0xFD, 
  0xFF, 0x7F, 0x3F, 0x9F, 0xC1, 0xE1, 0xC3, 0xF0, 0xFE, 0x0F, 0x07, 0xBF, 
  0xDF, 0xDF, 0xC0, 0x04, 0x0C, 0x1E, 0x3F, 0x7E, 0xF8, 0x60, 0xF8, 0x1F, 
  0xF8, 0x1F, 0xF8, 0x1F, 0xF8, 0x1F, 0xF8, 0x1F, 0xF8, 0x1F, 0xF8, 0x1F, 
  0xF8, 0x1F, 0xF8, 0x1F, 0xF8, 0x1F, 0xF8, 0x1F, 0xFC, 0x1F, 0xFC, 0x3F, 
  0xFF, 0xFF, 0xFF, 0xFF, 0xFF, 0xFF, 0xFF, 0xDF, 0xF8, 0x00, 0xF8, 0x00, 
  0xF8, 0x00, 0xF8, 0x00, 0xF8, 0x00, 0x0F, 0xFF, 0xF9, 0xFF, 0xFF, 0xDF, 
  0xFF, 0xFE, 0xFF, 0xE3, 0xF7, 0xFF, 0x1F, 0xFF, 0xF8, 0xFF, 0xFF, 0xC7, 
  0xFF, 0xFE, 0x3F, 0x7F, 0xF1, 0xFB, 0xFF, 0x8F, 0xDF, 0xFC, 0x7E, 0x7F, 
  0xE3, 0xF1, 0xFF, 0x1F, 0x80, 0xF8, 0xFC, 0x07, 0xC7, 0xE0, 0x3E, 0x3F, 
  0x01, 0xF1, 0xF8, 0x0F, 0x8F, 0xC0, 0x7C, 0x7E, 0x03, 0xE3, 0xF0, 0x1F, 
  0x1F, 0x80, 0xF8, 0xFC, 0x7B, 0xFF, 0xFF, 0x78, 0x39, 0xC7, 0x3F, 0x3C, 
  0x7F, 0xFE, 0xE0, 0x1C, 0xFF, 0xFF, 0x5C, 0x71, 0xC7, 0x1C, 0x71, 0xC7, 
  0x1F, 0x07, 0xF1, 0xFF, 0x78, 0xEF, 0x1F, 0xE3, 0xFC, 0x7F, 0xDE, 0x7F, 
  0xC7, 0xF0, 0x10, 0x20, 0x38, 0x38, 0x3E, 0x3E, 0x0F, 0x8F, 0x83, 0xE3, 
  0xC1, 0xF1, 0xF0, 0x7C, 0x7C, 0x1F, 0x1F, 0x1F, 0x1F, 0x0F, 0x1F, 0x0F, 
  0x8F, 0x8F, 0x8F, 0x8F, 0x8F, 0x83, 0x83, 0x80, 0xC0, 0xC0, 0x0E, 0x00, 
  0x00, 0x3E, 0x00, 0x00, 0xFE, 0x00, 0xF8, 0x7E, 0x01, 0xF0, 0x7E, 0x01, 
  0xE0, 0x1E, 0x03, 0xE0, 0x1E, 0x07, 0xC0, 0x1E, 0x07, 0x80, 0x1E, 0x0F, 
  0x80, 0x1E, 0x1F, 0x00, 0x1E, 0x1E, 0x00, 0x1E, 0x3E, 0x00, 0x00, 0x7C, 
  0x1C, 0x00, 0x78, 0x3C, 0x00, 0xF8, 0x7C, 0x01, 0xF0, 0xFC, 0x01, 0xE1, 
  0xFC, 0x03, 0xE1, 0xDC, 0x07, 0xC3, 0x9C, 0x07, 0x87, 0xFF, 0x0F, 0x87, 
  0xFF, 0x1F, 0x03, 0xFF, 0x1E, 0x00, 0x3C, 0x3E, 0x00, 0x3C, 0x0E, 0x00, 
  0x00, 0x3E, 0x00, 0x00, 0xFE, 0x00, 0xF8, 0x7E, 0x01, 0xF0, 0x7E, 0x01, 
  0xE0, 0x1E, 0x03, 0xE0, 0x1E, 0x07, 0xC0, 0x1E, 0x07, 0x80, 0x1E, 0x0F, 
  0x80, 0x1E, 0x1F, 0x00, 0x1E, 0x1E, 0x00, 0x1E, 0x3E, 0x00, 0x00, 0x7C, 
  0x3C, 0x00, 0x78, 0xFE, 0x00, 0xF9, 0xFF, 0x01, 0xF0, 0xEF, 0x01, 0xE0, 
  0x4F, 0x03, 0xE0, 0x0E, 0x07, 0xC0, 0x1E, 0x07, 0x80, 0x7C, 0x0F, 0x80, 
  0xF0, 0x1F, 0x01, 0xFF, 0x1E, 0x01, 0xFF, 0x3E, 0x00, 0xFF, 0x7F, 0x00, 
  0x02, 0x3F, 0x80, 0x3E, 0x1F, 0xC0, 0x1E, 0x01, 0xC0, 0x1F, 0x03, 0xC0, 
  0x1F, 0x03, 0xF0, 0x0F, 0x01, 0xFC, 0x0F, 0x80, 0x0F, 0x0F, 0x80, 0x07, 
  0x87, 0x80, 0x3F, 0x87, 0xC0, 0x3F, 0xC7, 0xC0, 0x1F, 0xC3, 0xC1, 0xC0, 
  0x03, 0xE1, 0xE0, 0x03, 0xE1, 0xF0, 0x01, 0xE1, 0xF8, 0x01, 0xF1, 0xFC, 
  0x01, 0xF1, 0xEE, 0x00, 0xF0, 0xE7, 0x00, 0xF8, 0xFF, 0xE0, 0xF8, 0x7F, 
  0xF0, 0x78, 0x1F, 0xF8, 0x7C, 0x00, 0xF0, 0x7C, 0x00, 0x78, 0x03, 0xC0, 
  0x0F, 0x80, 0x1F, 0x80, 0x3E, 0x00, 0x3C, 0x00, 0x00, 0x00, 0x00, 0x00, 
  0x00, 0x03, 0xC0, 0x0F, 0x80, 0x7F, 0x01, 0xFE, 0x07, 0xF0, 0x1F, 0x80, 
  0x3E, 0x00, 0x7C, 0x08, 0xF8, 0x39, 0xF8, 0xFB, 0xFF, 0xFB, 0xFF, 0xE7, 
  0xFF, 0x83, 0xFE, 0x01, 0xE0, 0x00, 0x00, 0xC0, 0x00, 0x03, 0xC0, 0x00, 
  0x1F, 0xC0, 0x00, 0x7F, 0x80, 0x00, 0x3E, 0x00, 0x00, 0x18, 0x00, 0x00, 
  0x00, 0x00, 0x00, 0x00, 0x00, 0xFC, 0x00, 0x03, 0xF0, 0x00, 0x0F, 0xE0, 
  0x00, 0x7F, 0x80, 0x01, 0xFE, 0x00, 0x0F, 0xFC, 0x00, 0x3F, 0xF0, 0x00, 
  0xFF, 0xE0, 0x07, 0xCF, 0x80, 0x1F, 0x3E, 0x00, 0x7C, 0xFC, 0x03, 0xE1, 
  0xF0, 0x0F, 0x87, 0xE0, 0x7E, 0x0F, 0x81, 0xFF, 0xFE, 0x07, 0xFF, 0xFC, 
  0x3F, 0xFF, 0xF0, 0xFF, 0xFF, 0xC7, 0xE0, 0x1F, 0x9F, 0x00, 0x3E, 0x7C, 
  0x00, 0xFF, 0xF0, 0x01, 0xF0, 0x00, 0x04, 0x00, 0x00, 0x78, 0x00, 0x07, 
  0xE0, 0x00, 0x7F, 0xC0, 0x00, 0xF8, 0x00, 0x03, 0x00, 0x00, 0x00, 0x00, 
  0x00, 0x00, 0x00, 0x00, 0xFC, 0x00, 0x03, 0xF0, 0x00, 0x0F, 0xE0, 0x00, 
  0x7F, 0x80, 0x01, 0xFE, 0x00, 0x0F, 0xFC, 0x00, 0x3F, 0xF0, 0x00, 0xFF, 
  0xE0, 0x07, 0xCF, 0x80, 0x1F, 0x3E, 0x00, 0x7C, 0xFC, 0x03, 0xE1, 0xF0, 
  0x0F, 0x87, 0xE0, 0x7E, 0x0F, 0x81, 0xFF, 0xFE, 0x07, 0xFF, 0xFC, 0x3F, 
  0xFF, 0xF0, 0xFF, 0xFF, 0xC7, 0xE0, 0x1F, 0x9F, 0x00, 0x3E, 0x7C, 0x00, 
  0xFF, 0xF0, 0x01, 0xF0, 0x00, 0x7C, 0x00, 0x07, 0xF8, 0x00, 0x3F, 0xF0, 
  0x01, 0xF3, 0xE0, 0x01, 0x01, 0x00, 0x00, 0x00, 0x00, 0x00, 0x00, 0x00, 
  0x3F, 0x00, 0x00, 0xFC, 0x00, 0x03, 0xF8, 0x00, 0x1F, 0xE0, 0x00, 0x7F, 
  0x80, 0x03, 0xFF, 0x00, 0x0F, 0xFC, 0x00, 0x3F, 0xF8, 0x01, 0xF3, 0xE0, 
  0x07, 0xCF, 0x80, 0x1F, 0x3F, 0x00, 0xF8, 0x7C, 0x03, 0xE1, 0xF8, 0x1F, 
  0x83, 0xE0, 0x7F, 0xFF, 0x81, 0xFF, 0xFF, 0x0F, 0xFF, 0xFC, 0x3F, 0xFF, 
  0xF1, 0xF8, 0x07, 0xE7, 0xC0, 0x0F, 0x9F, 0x00, 0x3F, 0xFC, 0x00, 0x7C, 
  0x01, 0xF3, 0x80, 0x0F, 0xFE, 0x00, 0x7F, 0xF8, 0x01, 0xCF, 0xC0, 0x00, 
  0x00, 0x00, 0x00, 0x00, 0x00, 0x00, 0x00, 0x00, 0x3F, 0x00, 0x00, 0xFC, 
  0x00, 0x03, 0xF8, 0x00, 0x1F, 0xE0, 0x00, 0x7F, 0x80, 0x03, 0xFF, 0x00, 
  0x0F, 0xFC, 0x00, 0x3F, 0xF8, 0x01, 0xF3, 0xE0, 0x07, 0xCF, 0x80, 0x1F, 
  0x3F, 0x00, 0xF8, 0x7C, 0x03, 0xE1, 0xF8, 0x1F, 0x83, 0xE0, 0x7F, 0xFF, 
  0x81, 0xFF, 0xFF, 0x0F, 0xFF, 0xFC, 0x3F, 0xFF, 0xF1, 0xF8, 0x07, 0xE7, 
  0xC0, 0x0F, 0x9F, 0x00, 0x3F, 0xFC, 0x00, 0x7C, 0x01, 0x01, 0x00, 0x1F, 
  0x1E, 0x00, 0xFC, 0xFC, 0x03, 0xF3, 0xF0, 0x07, 0xC7, 0x80, 0x0E, 0x1E, 
  0x00, 0x00, 0x00, 0x00, 0x00, 0x00, 0x00, 0xFC, 0x00, 0x03, 0xF0, 0x00, 
  0x0F, 0xE0, 0x00, 0x7F, 0x80, 0x01, 0xFE, 0x00, 0x0F, 0xFC, 0x00, 0x3F, 
  0xF0, 0x00, 0xFF, 0xE0, 0x07, 0xCF, 0x80, 0x1F, 0x3E, 0x00, 0x7C, 0xFC, 
  0x03, 0xE1, 0xF0, 0x0F, 0x87, 0xE0, 0x7E, 0x0F, 0x81, 0xFF, 0xFE, 0x07, 
  0xFF, 0xFC, 0x3F, 0xFF, 0xF0, 0xFF, 0xFF, 0xC7, 0xE0, 0x1F, 0x9F, 0x00, 
  0x3E, 0x7C, 0x00, 0xFF, 0xF0, 0x01, 0xF0, 0x00, 0x30, 0x00, 0x03, 0xF0, 
  0x00, 0x1F, 0xE0, 0x00, 0x73, 0x80, 0x01, 0xCE, 0x00, 0x07, 0x38, 0x00, 
  0x1F, 0xE0, 0x00, 0x3F, 0x00, 0x00, 0xFC, 0x00, 0x03, 0xF0, 0x00, 0x0F, 
  0xE0, 0x00, 0x7F, 0x80, 0x01, 0xFE, 0x00, 0x0F, 0xFC, 0x00, 0x3F, 0xF0, 
  0x00, 0xFF, 0xE0, 0x07, 0xCF, 0x80, 0x1F, 0x3E, 0x00, 0x7C, 0xFC, 0x03, 
  0xE1, 0xF0, 0x0F, 0x87, 0xE0, 0x7E, 0x0F, 0x81, 0xFF, 0xFE, 0x07, 0xFF, 
  0xFC, 0x3F, 0xFF, 0xF0, 0xFF, 0xFF, 0xC7, 0xE0, 0x1F, 0x9F, 0x00, 0x3E, 
  0x7C, 0x00, 0xFF, 0xF0, 0x01, 0xF0, 0x00, 0x01, 0xFF, 0xFF, 0x80, 0x01, 
  0xFF, 0xFF, 0xC0, 0x01, 0xFF, 0xFF, 0xE0, 0x00, 0xFF, 0xFF, 0xF0, 0x00, 
  0xFF, 0xC0, 0x00, 0x00, 0xFF, 0xE0, 0x00, 0x00, 0xFD, 0xF0, 0x00, 0x00, 
  0x7E, 0xF8, 0x00, 0x00, 0x7E, 0x7F, 0xFE, 0x00, 0x7E, 0x3F, 0xFF, 0x00, 
  0x3E, 0x1F, 0xFF, 0x80, 0x3F, 0x0F, 0xFF, 0xC0, 0x3F, 0x07, 0xFF, 0xE0, 
  0x1F, 0xFF, 0xE0, 0x00, 0x1F, 0xFF, 0xF0, 0x00, 0x1F, 0xFF, 0xF8, 0x00, 
  0x0F, 0xFF, 0xFC, 0x00, 0x0F, 0xC0, 0x3E, 0x00, 0x0F, 0xC0, 0x1F, 0xFF, 
  0xEF, 0xC0, 0x0F, 0xFF, 0xF7, 0xE0, 0x07, 0xFF, 0xFF, 0xE0, 0x03, 0xFF, 
  0xFC, 0x00, 0x7E, 0x00, 0x1F, 0xFE, 0x01, 0xFF, 0xF8, 0x1F, 0xFF, 0xF1, 
  0xFF, 0xFF, 0x1F, 0xF1, 0xF0, 0xFC, 0x03, 0x0F, 0xC0, 0x08, 0x7E, 0x00, 
  0x03, 0xE0, 0x00, 0x3F, 0x00, 0x01, 0xF8, 0x00, 0x0F, 0xC0, 0x00, 0x7E, 
  0x00, 0x01, 0xF0, 0x00, 0x0F, 0xC0, 0x00, 0x7F, 0x00, 0x41, 0xFC, 0x07, 
  0x0F, 0xFF, 0xF8, 0x3F, 0xFF, 0xE0, 0xFF, 0xFF, 0x03, 0xFF, 0xF0, 0x07, 
  0xFE, 0x00, 0x07, 0x00, 0x00, 0x70, 0x00, 0x07, 0xE0, 0x00, 0x07, 0x80, 
  0x00, 0x3C, 0x00, 0x0F, 0xE0, 0x00, 0x7E, 0x00, 0x03, 0xC0, 0x00, 0x06, 
  0x00, 0x07, 0x80, 0x0F, 0xE0, 0x0F, 0xF0, 0x01, 0xF0, 0x00, 0x60, 0x00, 
  0x00, 0x00, 0x00, 0xFF, 0xFE, 0xFF, 0xFE, 0xFF, 0xFE, 0xFF, 0xFE, 0xF8, 
  0x00, 0xF8, 0x00, 0xF8, 0x00, 0xF8, 0x00, 0xFF, 0xFC, 0xFF, 0xFC, 0xFF, 
  0xFC, 0xFF, 0xFC, 0xFF, 0xFC, 0xF8, 0x00, 0xF8, 0x00, 0xF8, 0x00, 0xF8, 
  0x00, 0xFF, 0xFF, 0xFF, 0xFF, 0xFF, 0xFF, 0xFF, 0xFF, 0xFF, 0xFF, 0x00, 
  0x60, 0x00, 0xE0, 0x03, 0xF0, 0x0F, 0xF0, 0x0F, 0xC0, 0x06, 0x00, 0x00, 
  0x00, 0x00, 0x00, 0xFF, 0xFE, 0xFF, 0xFE, 0xFF, 0xFE, 0xFF, 0xFE, 0xF8, 
  0x00, 0xF8, 0x00, 0xF8, 0x00, 0xF8, 0x00, 0xFF, 0xFC, 0xFF, 0xFC, 0xFF, 
  0xFC, 0xFF, 0xFC, 0xFF, 0xFC, 0xF8, 0x00, 0xF8, 0x00, 0xF8, 0x00, 0xF8, 
  0x00, 0xFF, 0xFF, 0xFF, 0xFF, 0xFF, 0xFF, 0xFF, 0xFF, 0xFF, 0xFF, 0x07, 
  0xC0, 0x0F, 0xF0, 0x1F, 0xF8, 0x3E, 0x7C, 0x18, 0x10, 0x00, 0x00, 0x00, 
  0x00, 0xFF, 0xFE, 0xFF, 0xFE, 0xFF, 0xFE, 0xFF, 0xFE, 0xF8, 0x00, 0xF8, 
  0x00, 0xF8, 0x00, 0xF8, 0x00, 0xFF, 0xFC, 0xFF, 0xFC, 0xFF, 0xFC, 0xFF, 
  0xFC, 0xFF, 0xFC, 0xF8, 0x00, 0xF8, 0x00, 0xF8, 0x00, 0xF8, 0x00, 0xFF, 
  0xFF, 0xFF, 0xFF, 0xFF, 0xFF, 0xFF, 0xFF, 0xFF, 0xFF, 0x18, 0x10, 0x3C, 
  0x3C, 0x7E, 0x7E, 0x7E, 0x7E, 0x3C, 0x7C, 0x3C, 0x38, 0x00, 0x00, 0x00, 
  0x00, 0xFF, 0xFE, 0xFF, 0xFE, 0xFF, 0xFE, 0xFF, 0xFE, 0xF8, 0x00, 0xF8, 
  0x00, 0xF8, 0x00, 0xF8, 0x00, 0xFF, 0xFC, 0xFF, 0xFC, 0xFF, 0xFC, 0xFF, 
  0xFC, 0xFF, 0xFC, 0xF8, 0x00, 0xF8, 0x00, 0xF8, 0x00, 0xF8, 0x00, 0xFF, 
  0xFF, 0xFF, 0xFF, 0xFF, 0xFF, 0xFF, 0xFF, 0xFF, 0xFF, 0x0C, 0x00, 0x78, 
  0x07, 0xE0, 0x3F, 0xC0, 0x7E, 0x00, 0x60, 0x00, 0x00, 0x00, 0xFF, 0xFF, 
  0xFF, 0xFF, 0xFF, 0xFF, 0xF0, 0xFC, 0x07, 0xE0, 0x3F, 0x01, 0xF8, 0x0F, 
  0xC0, 0x7E, 0x03, 0xF0, 0x1F, 0x80, 0xFC, 0x07, 0xE0, 0x3F, 0x01, 0xF8, 
  0x0F, 0xC7, 0xFF, 0xFF, 0xFF, 0xFF, 0xFF, 0xFF, 0xFF, 0xFC, 0x00, 0xC0, 
  0x0E, 0x01, 0xF8, 0x3F, 0xC1, 0xF8, 0x06, 0x00, 0x00, 0x00, 0x00, 0xFF, 
  0xFF, 0xFF, 0xFF, 0xFF, 0xFF, 0xF0, 0xFC, 0x07, 0xE0, 0x3F, 0x01, 0xF8, 
  0x0F, 0xC0, 0x7E, 0x03, 0xF0, 0x1F, 0x80, 0xFC, 0x07, 0xE0, 0x3F, 0x01, 
  0xF8, 0x0F, 0xC7, 0xFF, 0xFF, 0xFF, 0xFF, 0xFF, 0xFF, 0xFF, 0xFC, 0x0F, 
  0x80, 0xFF, 0x0F, 0xFC, 0xF1, 0xF2, 0x02, 0x00, 0x00, 0x00, 0x1F, 0xFF, 
  0xFF, 0xFF, 0xFF, 0xFF, 0xFE, 0x1F, 0x80, 0xFC, 0x07, 0xE0, 0x3F, 0x01, 
  0xF8, 0x0F, 0xC0, 0x7E, 0x03, 0xF0, 0x1F, 0x80, 0xFC, 0x07, 0xE0, 0x3F, 
  0x01, 0xF8, 0xFF, 0xFF, 0xFF, 0xFF, 0xFF, 0xFF, 0xFF, 0xFF, 0x80, 0x10, 
  0x31, 0xE3, 0xEF, 0xCF, 0xBF, 0x3F, 0xF8, 0xF9, 0xE1, 0xC0, 0x00, 0x00, 
  0x00, 0xFF, 0xFB, 0xFF, 0xEF, 0xFF, 0xBF, 0xFE, 0x0F, 0xC0, 0x3F, 0x00, 
  0xFC, 0x03, 0xF0, 0x0F, 0xC0, 0x3F, 0x00, 0xFC, 0x03, 0xF0, 0x0F, 0xC0, 
  0x3F, 0x00, 0xFC, 0x03, 0xF0, 0x0F, 0xC3, 0xFF, 0xEF, 0xFF, 0xBF, 0xFE, 
  0xFF, 0xFB, 0xFF, 0xE0, 0x3F, 0xFF, 0x00, 0xFF, 0xFF, 0x03, 0xFF, 0xFE, 
  0x0F, 0xFF, 0xFC, 0x3E, 0x0F, 0xF8, 0xF8, 0x0F, 0xE3, 0xE0, 0x1F, 0xCF, 
  0x80, 0x3F, 0x3E, 0x00, 0xFF, 0xFF, 0x81, 0xFF, 0xFE, 0x07, 0xFF, 0xF8, 
  0x1F, 0xFF, 0xE0, 0x7C, 0xF8, 0x03, 0xF3, 0xE0, 0x0F, 0xCF, 0x80, 0x7E, 
  0x3E, 0x03, 0xF8, 0xFF, 0xFF, 0xC3, 0xFF, 0xFF, 0x0F, 0xFF, 0xF8, 0x3F, 
  0xFF, 0x80, 0xFF, 0xF8, 0x00, 0x03, 0xC7, 0x00, 0x7F, 0xF0, 0x0F, 0xFE, 
  0x00, 0xE7, 0xE0, 0x00, 0x00, 0x00, 0x00, 0x00, 0x00, 0x00, 0x0F, 0x80, 
  0x1F, 0xFC, 0x01, 0xFF, 0xE0, 0x1F, 0xFF, 0x01, 0xFF, 0xF0, 0x1F, 0xFF, 
  0x81, 0xFF, 0xFC, 0x1F, 0xFF, 0xC1, 0xFF, 0xFE, 0x1F, 0xFB, 0xF1, 0xFF, 
  0x9F, 0x9F, 0xF9, 0xF9, 0xFF, 0x8F, 0xDF, 0xF8, 0x7F, 0xFF, 0x83, 0xFF, 
  0xF8, 0x3F, 0xFF, 0x81, 0xFF, 0xF8, 0x0F, 0xFF, 0x80, 0xFF, 0xF8, 0x07, 
  0xFF, 0x80, 0x3F, 0xF8, 0x01, 0xF0, 0x00, 0x60, 0x00, 0x00, 0x78, 0x00, 
  0x00, 0xFE, 0x00, 0x00, 0xFF, 0x00, 0x00, 0x1F, 0x00, 0x00, 0x06, 0x00, 
  0x00, 0x00, 0x00, 0x00, 0x7E, 0x00, 0x03, 0xFF, 0xC0, 0x07, 0xFF, 0xE0, 
  0x0F, 0xFF, 0xF0, 0x1F, 0xFF, 0xF8, 0x3F, 0xE7, 0xFC, 0x7F, 0x00, 0xFC, 
  0x7E, 0x00, 0x7E, 0x7E, 0x00, 0x7E, 0x7C, 0x00, 0x3E, 0xFC, 0x00, 0x3F, 
  0xFC, 0x00, 0x3F, 0xFC, 0x00, 0x3F, 0xFC, 0x00, 0x3E, 0x7C, 0x00, 0x7E, 
  0x7E, 0x00, 0x7E, 0x7F, 0x00, 0xFE, 0x3F, 0x81, 0xFC, 0x3F, 0xFF, 0xFC, 
  0x1F, 0xFF, 0xF8, 0x0F, 0xFF, 0xF0, 0x07, 0xFF, 0xC0, 0x01, 0xFF, 0x80, 
  0x00, 0x06, 0x00, 0x00, 0x0E, 0x00, 0x00, 0x3F, 0x00, 0x00, 0xFF, 0x00, 
  0x00, 0xFC, 0x00, 0x00, 0x60, 0x00, 0x00, 0x00, 0x00, 0x00, 0x7E, 0x00, 
  0x03, 0xFF, 0xC0, 0x07, 0xFF, 0xE0, 0x0F, 0xFF, 0xF0, 0x1F, 0xFF, 0xF8, 
  0x3F, 0xE7, 0xFC, 0x7F, 0x00, 0xFC, 0x7E, 0x00, 0x7E, 0x7E, 0x00, 0x7E, 
  0x7C, 0x00, 0x3E, 0xFC, 0x00, 0x3F, 0xFC, 0x00, 0x3F, 0xFC, 0x00, 0x3F, 
  0xFC, 0x00, 0x3E, 0x7C, 0x00, 0x7E, 0x7E, 0x00, 0x7E, 0x7F, 0x00, 0xFE, 
  0x3F, 0x81, 0xFC, 0x3F, 0xFF, 0xFC, 0x1F, 0xFF, 0xF8, 0x0F, 0xFF, 0xF0, 
  0x07, 0xFF, 0xC0, 0x01, 0xFF, 0x80, 0x00, 0x7E, 0x00, 0x00, 0xFF, 0x00, 
  0x01, 0xFF, 0x80, 0x03, 0xE7, 0xC0, 0x01, 0x81, 0x80, 0x00, 0x00, 0x00, 
  0x00, 0x7E, 0x00, 0x03, 0xFF, 0xC0, 0x07, 0xFF, 0xE0, 0x0F, 0xFF, 0xF0, 
  0x1F, 0xFF, 0xF8, 0x3F, 0xE7, 0xFC, 0x7F, 0x00, 0xFC, 0x7E, 0x00, 0x7E, 
  0x7E, 0x00, 0x7E, 0x7C, 0x00, 0x3E, 0xFC, 0x00, 0x3F, 0xFC, 0x00, 0x3F, 
  0xFC, 0x00, 0x3F, 0xFC, 0x00, 0x3E, 0x7C, 0x00, 0x7E, 0x7E, 0x00, 0x7E, 
  0x7F, 0x00, 0xFE, 0x3F, 0x81, 0xFC, 0x3F, 0xFF, 0xFC, 0x1F, 0xFF, 0xF8, 
  0x0F, 0xFF, 0xF0, 0x07, 0xFF, 0xC0, 0x01, 0xFF, 0x80, 0x00, 0xF1, 0xC0, 
  0x01, 0xFF, 0xC0, 0x03, 0xFF, 0x80, 0x03, 0x9F, 0x80, 0x00, 0x00, 0x00, 
  0x00, 0x00, 0x00, 0x00, 0x7E, 0x00, 0x03, 0xFF, 0xC0, 0x07, 0xFF, 0xE0, 
  0x0F, 0xFF, 0xF0, 0x1F, 0xFF, 0xF8, 0x3F, 0xE7, 0xFC, 0x7F, 0x00, 0xFC, 
  0x7E, 0x00, 0x7E, 0x7E, 0x00, 0x7E, 0x7C, 0x00, 0x3E, 0xFC, 0x00, 0x3F, 
  0xFC, 0x00, 0x3F, 0xFC, 0x00, 0x3F, 0xFC, 0x00, 0x3E, 0x7C, 0x00, 0x7E, 
  0x7E, 0x00, 0x7E, 0x7F, 0x00, 0xFE, 0x3F, 0x81, 0xFC, 0x3F, 0xFF, 0xFC, 
  0x1F, 0xFF, 0xF8, 0x0F, 0xFF, 0xF0, 0x07, 0xFF, 0xC0, 0x01, 0xFF, 0x80, 
  0x01, 0x81, 0x00, 0x03, 0xC3, 0xC0, 0x07, 0xE7, 0xE0, 0x07, 0xE7, 0xE0, 
  0x03, 0xE7, 0xC0, 0x03, 0xC3, 0x80, 0x00, 0x00, 0x00, 0x00, 0x7E, 0x00, 
  0x03, 0xFF, 0xC0, 0x07, 0xFF, 0xE0, 0x0F, 0xFF, 0xF0, 0x1F, 0xFF, 0xF8, 
  0x3F, 0xE7, 0xFC, 0x7F, 0x00, 0xFC, 0x7E, 0x00, 0x7E, 0x7E, 0x00, 0x7E, 
  0x7C, 0x00, 0x3E, 0xFC, 0x00, 0x3F, 0xFC, 0x00, 0x3F, 0xFC, 0x00, 0x3F, 
  0xFC, 0x00, 0x3E, 0x7C, 0x00, 0x7E, 0x7E, 0x00, 0x7E, 0x7F, 0x00, 0xFE, 
  0x3F, 0x81, 0xFC, 0x3F, 0xFF, 0xFC, 0x1F, 0xFF, 0xF8, 0x0F, 0xFF, 0xF0, 
  0x07, 0xFF, 0xC0, 0x01, 0xFF, 0x80, 0x10, 0x10, 0x70, 0x73, 0xF1, 0xFB, 
  0xF7, 0xE3, 0xFF, 0x83, 0xFE, 0x03, 0xF8, 0x07, 0xF0, 0x1F, 0xF0, 0x7F, 
  0xF1, 0xFB, 0xF7, 0xE3, 0xF7, 0x83, 0xC6, 0x03, 0x00, 0x00, 0x00, 0x08, 
  0x00, 0x7E, 0x1C, 0x03, 0xFF, 0xFC, 0x07, 0xFF, 0xF8, 0x0F, 0xFF, 0xF0, 
  0x1F, 0xFF, 0xF8, 0x3F, 0xC7, 0xFC, 0x7F, 0x03, 0xFC, 0x7E, 0x03, 0xFE, 
  0x7E, 0x07, 0x7E, 0x7C, 0x0E, 0x3E, 0xFC, 0x1E, 0x3F, 0xFC, 0x3C, 0x3F, 
  0xFC, 0x78, 0x3F, 0xFC, 0x70, 0x3E, 0x7C, 0xE0, 0x7E, 0x7F, 0xC0, 0x7E, 
  0x7F, 0xC0, 0xFE, 0x3F, 0x81, 0xFC, 0x3F, 0xFF, 0xFC, 0x1F, 0xFF, 0xF8, 
  0x1F, 0xFF, 0xF0, 0x3F, 0xFF, 0xC0, 0x79, 0xFF, 0x80, 0x10, 0x00, 0x00, 
  0x01, 0x00, 0x00, 0x78, 0x00, 0x0F, 0xC0, 0x03, 0xFE, 0x00, 0x0F, 0x80, 
  0x00, 0x30, 0x00, 0x00, 0x00, 0x00, 0x00, 0xF8, 0x03, 0xFF, 0x00, 0x7F, 
  0xE0, 0x0F, 0xFC, 0x01, 0xFF, 0x80, 0x3F, 0xF0, 0x07, 0xFE, 0x00, 0xFF, 
  0xC0, 0x1F, 0xF8, 0x03, 0xFF, 0x00, 0x7F, 0xE0, 0x0F, 0xFC, 0x01, 0xFF, 
  0x80, 0x3F, 0xF0, 0x0F, 0xFE, 0x01, 0xFF, 0xE0, 0x3F, 0xFE, 0x0F, 0xCF, 
  0xFF, 0xF9, 0xFF, 0xFE, 0x1F, 0xFF, 0x81, 0xFF, 0xE0, 0x0F, 0xF0, 0x00, 
  0x00, 0x10, 0x00, 0x0F, 0x00, 0x07, 0xE0, 0x03, 0xFE, 0x00, 0x3E, 0x00, 
  0x06, 0x00, 0x00, 0x00, 0x00, 0x00, 0x00, 0xF8, 0x03, 0xFF, 0x00, 0x7F, 
  0xE0, 0x0F, 0xFC, 0x01, 0xFF, 0x80, 0x3F, 0xF0, 0x07, 0xFE, 0x00, 0xFF, 
  0xC0, 0x1F, 0xF8, 0x03, 0xFF, 0x00, 0x7F, 0xE0, 0x0F, 0xFC, 0x01, 0xFF, 
  0x80, 0x3F, 0xF0, 0x0F, 0xFE, 0x01, 0xFF, 0xE0, 0x3F, 0xFE, 0x0F, 0xCF, 
  0xFF, 0xF9, 0xFF, 0xFE, 0x1F, 0xFF, 0x81, 0xFF, 0xE0, 0x0F, 0xF0, 0x00, 
  0x01, 0xF0, 0x00, 0xFF, 0x00, 0x3F, 0xF0, 0x0F, 0x8F, 0x00, 0x40, 0x40, 
  0x00, 0x00, 0x00, 0x00, 0x07, 0xC0, 0x1F, 0xF8, 0x03, 0xFF, 0x00, 0x7F, 
  0xE0, 0x0F, 0xFC, 0x01, 0xFF, 0x80, 0x3F, 0xF0, 0x07, 0xFE, 0x00, 0xFF, 
  0xC0, 0x1F, 0xF8, 0x03, 0xFF, 0x00, 0x7F, 0xE0, 0x0F, 0xFC, 0x01, 0xFF, 
  0x80, 0x7F, 0xF0, 0x0F, 0xFF, 0x01, 0xFF, 0xF0, 0x7E, 0x7F, 0xFF, 0xCF, 
  0xFF, 0xF0, 0xFF, 0xFC, 0x0F, 0xFF, 0x00, 0x7F, 0x80, 0x04, 0x0C, 0x03, 
  0xE3, 0xC0, 0x7C, 0xFC, 0x0F, 0x9F, 0x81, 0xF1, 0xF0, 0x1C, 0x3C, 0x00, 
  0x00, 0x00, 0x00, 0x00, 0xF8, 0x03, 0xFF, 0x00, 0x7F, 0xE0, 0x0F, 0xFC, 
  0x01, 0xFF, 0x80, 0x3F, 0xF0, 0x07, 0xFE, 0x00, 0xFF, 0xC0, 0x1F, 0xF8, 
  0x03, 0xFF, 0x00, 0x7F, 0xE0, 0x0F, 0xFC, 0x01, 0xFF, 0x80, 0x3F, 0xF0, 
  0x0F, 0xFE, 0x01, 0xFF, 0xE0, 0x3F, 0xFE, 0x0F, 0xCF, 0xFF, 0xF9, 0xFF, 
  0xFE, 0x1F, 0xFF, 0x81, 0xFF, 0xE0, 0x0F, 0xF0, 0x00, 0x00, 0x0C, 0x00, 
  0x00, 0x70, 0x00, 0x07, 0xE0, 0x00, 0x7F, 0x80, 0x01, 0xF8, 0x00, 0x03, 
  0x00, 0x00, 0x00, 0x00, 0x00, 0x00, 0x00, 0xFE, 0x00, 0xFD, 0xF8, 0x07, 
  0xE3, 0xF0, 0x3F, 0x07, 0xE0, 0xFC, 0x1F, 0x87, 0xE0, 0x3F, 0x1F, 0x00, 
  0x7E, 0xFC, 0x01, 0xFF, 0xE0, 0x03, 0xFF, 0x00, 0x07, 0xFC, 0x00, 0x1F, 
  0xE0, 0x00, 0x3F, 0x00, 0x00, 0x7C, 0x00, 0x01, 0xF0, 0x00, 0x07, 0xC0, 
  0x00, 0x1F, 0x00, 0x00, 0x7C, 0x00, 0x01, 0xF0, 0x00, 0x07, 0xC0, 0x00, 
  0x1F, 0x00, 0x00, 0x7C, 0x00, 0x01, 0xF0, 0x00, 0xF8, 0x00, 0x7C, 0x00, 
  0x3E, 0x00, 0x1F, 0xFE, 0x0F, 0xFF, 0xC7, 0xFF, 0xF3, 0xFF, 0xFD, 0xFF, 
  0xFE, 0xF8, 0x3F, 0xFC, 0x0F, 0xFE, 0x07, 0xFF, 0x03, 0xFF, 0x81, 0xFF, 
  0xFF, 0xFB, 0xFF, 0xFD, 0xFF, 0xFC, 0xFF, 0xFC, 0x7F, 0xF8, 0x3E, 0x00, 
  0x1F, 0x00, 0x0F, 0x80, 0x07, 0xC0, 0x00, 0x03, 0xFE, 0x00, 0x7F, 0xF0, 
  0x0F, 0xFF, 0x81, 0xFF, 0xF8, 0x1F, 0x9F, 0x83, 0xF0, 0xF8, 0x3E, 0x0F, 
  0x8F, 0xE0, 0xF8, 0xFE, 0x1F, 0x0F, 0xE3, 0xE0, 0xFE, 0x3F, 0x83, 0xE3, 
  0xFC, 0x3E, 0x1F, 0xC3, 0xE0, 0x7E, 0x3E, 0x03, 0xE3, 0xE0, 0x3F, 0x3E, 
  0x01, 0xF3, 0xE0, 0x3F, 0x3E, 0x23, 0xE3, 0xE3, 0xFE, 0x3E, 0x7F, 0xC3, 
  0xEF, 0xF8, 0x3E, 0x7F, 0x00, 0x01, 0x00, 0x00, 0xE0, 0x00, 0x3C, 0x00, 
  0x1F, 0x80, 0x03, 0xF0, 0x00, 0x3E, 0x00, 0x03, 0x00, 0x00, 0x00, 0x00, 
  0x00, 0x03, 0xF9, 0xF1, 0xFF, 0x7C, 0xFF, 0xFF, 0x7F, 0xFF, 0xDF, 0x87, 
  0xFF, 0xC0, 0xFF, 0xE0, 0x3F, 0xF8, 0x07, 0xFE, 0x01, 0xFF, 0x80, 0x7F, 
  0xE0, 0x3F, 0xFC, 0x0F, 0xDF, 0x87, 0xF7, 0xFF, 0xFC, 0xFF, 0xFF, 0x1F, 
  0xF7, 0xC3, 0xF9, 0xF0, 0x00, 0x10, 0x00, 0x0C, 0x00, 0x07, 0x80, 0x07, 
  0xF0, 0x03, 0xF0, 0x00, 0xF0, 0x00, 0x38, 0x00, 0x00, 0x00, 0x00, 0x00, 
  0x03, 0xF9, 0xF1, 0xFF, 0x7C, 0xFF, 0xFF, 0x7F, 0xFF, 0xDF, 0x87, 0xFF, 
  0xC0, 0xFF, 0xE0, 0x3F, 0xF8, 0x07, 0xFE, 0x01, 0xFF, 0x80, 0x7F, 0xE0, 
  0x3F, 0xFC, 0x0F, 0xDF, 0x87, 0xF7, 0xFF, 0xFC, 0xFF, 0xFF, 0x1F, 0xF7, 
  0xC3, 0xF9, 0xF0, 0x00, 0xE0, 0x00, 0x7E, 0x00, 0x7F, 0xC0, 0x3F, 0xF8, 
  0x1F, 0x1F, 0x01, 0x01, 0x00, 0x00, 0x00, 0x00, 0x00, 0x0F, 0xE7, 0xC7, 
  0xFD, 0xF3, 0xFF, 0xFD, 0xFF, 0xFF, 0x7E, 0x1F, 0xFF, 0x03, 0xFF, 0x80, 
  0xFF, 0xE0, 0x1F, 0xF8, 0x07, 0xFE, 0x01, 0xFF, 0x80, 0xFF, 0xF0, 0x3F, 
  0x7E, 0x1F, 0xDF, 0xFF, 0xF3, 0xFF, 0xFC, 0x7F, 0xDF, 0x0F, 0xE7, 0xC0, 
  0x07, 0xCE, 0x03, 0xFF, 0x80, 0xFF, 0xE0, 0x39, 0xF0, 0x00, 0x10, 0x00, 
  0x00, 0x00, 0x00, 0x00, 0x3F, 0x9F, 0x1F, 0xF7, 0xCF, 0xFF, 0xF7, 0xFF, 
  0xFD, 0xF8, 0x7F, 0xFC, 0x0F, 0xFE, 0x03, 0xFF, 0x80, 0x7F, 0xE0, 0x1F, 
  0xF8, 0x07, 0xFE, 0x03, 0xFF, 0xC0, 0xFD, 0xF8, 0x7F, 0x7F, 0xFF, 0xCF, 
  0xFF, 0xF1, 0xFF, 0x7C, 0x3F, 0x9F, 0x1F, 0x1F, 0x07, 0xC7, 0xC1, 0xF9, 
  0xF0, 0x7C, 0x7C, 0x0E, 0x0E, 0x00, 0x00, 0x00, 0x00, 0x00, 0x00, 0x00, 
  0x0F, 0xE7, 0xC7, 0xFD, 0xF3, 0xFF, 0xFD, 0xFF, 0xFF, 0x7E, 0x1F, 0xFF, 
  0x03, 0xFF, 0x80, 0xFF, 0xE0, 0x1F, 0xF8, 0x07, 0xFE, 0x01, 0xFF, 0x80, 
  0xFF, 0xF0, 0x3F, 0x7E, 0x1F, 0xDF, 0xFF, 0xF3, 0xFF, 0xFC, 0x7F, 0xDF, 
  0x0F, 0xE7, 0xC0, 0x00, 0x60, 0x00, 0x7C, 0x00, 0x3F, 0x80, 0x0E, 0x60, 
  0x03, 0x18, 0x00, 0xFE, 0x00, 0x1F, 0x80, 0x03, 0x80, 0x00, 0x00, 0x00, 
  0x00, 0x00, 0xFE, 0x7C, 0x7F, 0xDF, 0x3F, 0xFF, 0xDF, 0xFF, 0xF7, 0xE1, 
  0xFF, 0xF0, 0x3F, 0xF8, 0x0F, 0xFE, 0x01, 0xFF, 0x80, 0x7F, 0xE0, 0x1F, 
  0xF8, 0x0F, 0xFF, 0x03, 0xF7, 0xE1, 0xFD, 0xFF, 0xFF, 0x3F, 0xFF, 0xC7, 
  0xFD, 0xF0, 0xFE, 0x7C, 0x0F, 0xF1, 0xFC, 0x07, 0xFF, 0xFF, 0xE1, 0xFF, 
  0xFF, 0xFE, 0x3F, 0xFF, 0xFF, 0xE3, 0x83, 0xF8, 0x7C, 0x20, 0x7E, 0x07, 
  0x80, 0x0F, 0x80, 0xF8, 0x7F, 0xFF, 0xFF, 0x3F, 0xFF, 0xFF, 0xEF, 0xFF, 
  0xFF, 0xFF, 0xF0, 0x7C, 0x00, 0x7C, 0x0F, 0x80, 0x4F, 0x83, 0xFC, 0x39, 
  0xFD, 0xFF, 0xFF, 0x9F, 0xFD, 0xFF, 0xF3, 0xFF, 0x1F, 0xFE, 0x1F, 0xC1, 
  0xFF, 0x00, 0x07, 0xF8, 0x1F, 0xFE, 0x3F, 0xFF, 0x7F, 0xFE, 0x7E, 0x1C, 
  0x7C, 0x04, 0xF8, 0x00, 0xF8, 0x00, 0xF8, 0x00, 0xF8, 0x00, 0xFC, 0x00, 
  0x7C, 0x04, 0x7F, 0x1C, 0x7F, 0xFE, 0x3F, 0xFF, 0x1F, 0xFE, 0x07, 0xF8, 
  0x01, 0xC0, 0x03, 0x80, 0x03, 0xE0, 0x00, 0xF0, 0x00, 0xF0, 0x07, 0xF0, 
  0x07, 0xE0, 0x03, 0x80, 0x02, 0x00, 0x01, 0x80, 0x01, 0xE0, 0x01, 0xF8, 
  0x00, 0x7E, 0x00, 0x0F, 0x80, 0x01, 0x80, 0x00, 0x00, 0x00, 0x00, 0x03, 
  0xF8, 0x07, 0xFF, 0x07, 0xFF, 0xC7, 0xFF, 0xF3, 0xF0, 0xF9, 0xF0, 0x3D, 
  0xF0, 0x1F, 0xFF, 0xFF, 0xFF, 0xFF, 0xFF, 0xFF, 0xFF, 0x00, 0x07, 0xC0, 
  0x43, 0xF8, 0x61, 0xFF, 0xF8, 0x7F, 0xFE, 0x1F, 0xFE, 0x03, 0xFC, 0x00, 
  0x00, 0x20, 0x00, 0x30, 0x00, 0x3C, 0x00, 0x3F, 0x00, 0x7F, 0x00, 0x3E, 
  0x00, 0x0C, 0x00, 0x00, 0x00, 0x00, 0x00, 0x03, 0xF8, 0x07, 0xFF, 0x07, 
  0xFF, 0xC7, 0xFF, 0xF3, 0xF0, 0xF9, 0xF0, 0x3D, 0xF0, 0x1F, 0xFF, 0xFF, 
  0xFF, 0xFF, 0xFF, 0xFF, 0xFF, 0x00, 0x07, 0xC0, 0x43, 0xF8, 0x61, 0xFF, 
  0xF8, 0x7F, 0xFE, 0x1F, 0xFE, 0x03, 0xFC, 0x00, 0x01, 0xE0, 0x01, 0xF8, 
  0x01, 0xFE, 0x01, 0xFF, 0x81, 0xE1, 0xE0, 0x40, 0x60, 0x00, 0x00, 0x00, 
  0x00, 0x07, 0xF0, 0x0F, 0xFE, 0x0F, 0xFF, 0x8F, 0xFF, 0xE7, 0xE1, 0xF3, 
  0xE0, 0x7B, 0xE0, 0x3F, 0xFF, 0xFF, 0xFF, 0xFF, 0xFF, 0xFF, 0xFE, 0x00, 
  0x0F, 0x80, 0x87, 0xF0, 0xC3, 0xFF, 0xF0, 0xFF, 0xFC, 0x3F, 0xFC, 0x07, 
  0xF8, 0x00, 0x1E, 0x3E, 0x1F, 0x9F, 0x0F, 0xCF, 0x87, 0xC7, 0xC1, 0xE1, 
  0xC0, 0x00, 0x00, 0x00, 0x00, 0x00, 0x00, 0x07, 0xF0, 0x0F, 0xFE, 0x0F, 
  0xFF, 0x8F, 0xFF, 0xE7, 0xE1, 0xF3, 0xE0, 0x7B, 0xE0, 0x3F, 0xFF, 0xFF, 
  0xFF, 0xFF, 0xFF, 0xFF, 0xFE, 0x00, 0x0F, 0x80, 0x87, 0xF0, 0xC3, 0xFF, 
  0xF0, 0xFF, 0xFC, 0x3F, 0xFC, 0x07, 0xF8, 0x00, 0x20, 0x30, 0x78, 0xFC, 
  0x7E, 0x1F, 0x06, 0x00, 0x00, 0x3E, 0x3E, 0x3E, 0x3E, 0x3E, 0x3E, 0x3E, 
  0x3E, 0x3E, 0x3E, 0x3E, 0x3E, 0x3E, 0x3E, 0x3E, 0x3E, 0x3E, 0x04, 0x0C, 
  0x1E, 0x7F, 0xFC, 0xF8, 0x60, 0x00, 0x00, 0x7C, 0x7C, 0x7C, 0x7C, 0x7C, 
  0x7C, 0x7C, 0x7C, 0x7C, 0x7C, 0x7C, 0x7C, 0x7C, 0x7C, 0x7C, 0x7C, 0x7C, 
  0x07, 0x00, 0x7E, 0x07, 0xF8, 0xFF, 0xEF, 0x8F, 0x90, 0x10, 0x00, 0x00, 
  0x00, 0x0F, 0x80, 0x7C, 0x03, 0xE0, 0x1F, 0x00, 0xF8, 0x07, 0xC0, 0x3E, 
  0x01, 0xF0, 0x0F, 0x80, 0x7C, 0x03, 0xE0, 0x1F, 0x00, 0xF8, 0x07, 0xC0, 
  0x3E, 0x01, 0xF0, 0x0F, 0x80, 0x78, 0xFF, 0xC7, 0xFF, 0x3F, 0xF1, 0xF7, 
  0x07, 0x00, 0x00, 0x00, 0x00, 0x00, 0x0F, 0x80, 0x7C, 0x03, 0xE0, 0x1F, 
  0x00, 0xF8, 0x07, 0xC0, 0x3E, 0x01, 0xF0, 0x0F, 0x80, 0x7C, 0x03, 0xE0, 
  0x1F, 0x00, 0xF8, 0x07, 0xC0, 0x3E, 0x01, 0xF0, 0x0F, 0x80, 0x02, 0x00, 
  0x03, 0xE0, 0x01, 0xF9, 0x81, 0xFF, 0xC0, 0x1F, 0xF0, 0xFF, 0xE0, 0x3C, 
  0xF8, 0x03, 0x7C, 0x0F, 0xFF, 0x0F, 0xFF, 0x8F, 0xFF, 0xEF, 0xEF, 0xF7, 
  0xC1, 0xFF, 0xC0, 0x7F, 0xE0, 0x3F, 0xF0, 0x1F, 0xF8, 0x0F, 0xFC, 0x07, 
  0xFF, 0x07, 0xCF, 0xC7, 0xE7, 0xFF, 0xF1, 0xFF, 0xF0, 0x7F, 0xF0, 0x0F, 
  0xE0, 0x07, 0x8E, 0x0F, 0xFE, 0x0F, 0xFC, 0x1C, 0x7C, 0x00, 0x10, 0x00, 
  0x00, 0x00, 0x00, 0xF9, 0xFC, 0xFB, 0xFE, 0xFF, 0xFE, 0xFF, 0xFF, 0xFE, 
  0x3F, 0xFC, 0x1F, 0xF8, 0x1F, 0xF8, 0x1F, 0xF8, 0x1F, 0xF8, 0x1F, 0xF8, 
  0x1F, 0xF8, 0x1F, 0xF8, 0x1F, 0xF8, 0x1F, 0xF8, 0x1F, 0xF8, 0x1F, 0xF8, 
  0x1F, 0x02, 0x00, 0x00, 0xC0, 0x00, 0x7C, 0x00, 0x1F, 0x80, 0x03, 0xF0, 
  0x00, 0x3E, 0x00, 0x03, 0x00, 0x00, 0x00, 0x00, 0x00, 0x01, 0xFE, 0x01, 
  0xFF, 0xE0, 0xFF, 0xFC, 0x3F, 0xFF, 0x9F, 0x87, 0xF7, 0xC0, 0xFF, 0xF0, 
  0x1F, 0xF8, 0x07, 0xFE, 0x01, 0xFF, 0x80, 0x7F, 0xF0, 0x1F, 0x7C, 0x0F, 
  0xDF, 0xC7, 0xF3, 0xFF, 0xF8, 0xFF, 0xFC, 0x1F, 0xFE, 0x01, 0xFE, 0x00, 
  0x00, 0x20, 0x00, 0x0C, 0x00, 0x0F, 0x00, 0x07, 0xE0, 0x03, 0xF0, 0x01, 
  0xF0, 0x00, 0x30, 0x00, 0x00, 0x00, 0x00, 0x00, 0x01, 0xFE, 0x01, 0xFF, 
  0xE0, 0xFF, 0xFC, 0x3F, 0xFF, 0x9F, 0x87, 0xF7, 0xC0, 0xFF, 0xF0, 0x1F, 
  0xF8, 0x07, 0xFE, 0x01, 0xFF, 0x80, 0x7F, 0xF0, 0x1F, 0x7C, 0x0F, 0xDF, 
  0xC7, 0xF3, 0xFF, 0xF8, 0xFF, 0xFC, 0x1F, 0xFE, 0x01, 0xFE, 0x00, 0x01, 
  0xE0, 0x00, 0xFC, 0x00, 0x7F, 0x80, 0x3F, 0xF0, 0x1F, 0x1E, 0x03, 0x01, 
  0x00, 0x00, 0x00, 0x00, 0x00, 0x07, 0xF8, 0x07, 0xFF, 0x83, 0xFF, 0xF0, 
  0xFF, 0xFE, 0x7E, 0x1F, 0xDF, 0x03, 0xFF, 0xC0, 0x7F, 0xE0, 0x1F, 0xF8, 
  0x07, 0xFE, 0x01, 0xFF, 0xC0, 0x7D, 0xF0, 0x3F, 0x7F, 0x1F, 0xCF, 0xFF, 
  0xE3, 0xFF, 0xF0, 0x7F, 0xF8, 0x07, 0xF8, 0x00, 0x07, 0xCE, 0x03, 0xFF, 
  0x80, 0xFF, 0xC0, 0x79, 0xF0, 0x00, 0x10, 0x00, 0x00, 0x00, 0x00, 0x00, 
  0x1F, 0xE0, 0x1F, 0xFE, 0x0F, 0xFF, 0xC3, 0xFF, 0xF9, 0xF8, 0x7F, 0x7C, 
  0x0F, 0xFF, 0x01, 0xFF, 0x80, 0x7F, 0xE0, 0x1F, 0xF8, 0x07, 0xFF, 0x01, 
  0xF7, 0xC0, 0xFD, 0xFC, 0x7F, 0x3F, 0xFF, 0x8F, 0xFF, 0xC1, 0xFF, 0xE0, 
  0x1F, 0xE0, 0x1F, 0x1E, 0x07, 0xCF, 0xC1, 0xF3, 0xF0, 0x7C, 0x7C, 0x0E, 
  0x1E, 0x00, 0x00, 0x00, 0x00, 0x00, 0x00, 0x00, 0x07, 0xF8, 0x07, 0xFF, 
  0x83, 0xFF, 0xF0, 0xFF, 0xFE, 0x7E, 0x1F, 0xDF, 0x03, 0xFF, 0xC0, 0x7F, 
  0xE0, 0x1F, 0xF8, 0x07, 0xFE, 0x01, 0xFF, 0xC0, 0x7D, 0xF0, 0x3F, 0x7F, 
  0x1F, 0xCF, 0xFF, 0xE3, 0xFF, 0xF0, 0x7F, 0xF8, 0x07, 0xF8, 0x00, 0x00, 
  0x80, 0x01, 0xF0, 0x00, 0xF8, 0x00, 0x7C, 0x00, 0x3E, 0x00, 0x0E, 0x00, 
  0x00, 0x01, 0xFF, 0xFF, 0xFF, 0xFF, 0xFF, 0xFF, 0xFF, 0xFF, 0xFF, 0xFF, 
  0xF0, 0x00, 0x00, 0x04, 0x00, 0x0F, 0x80, 0x07, 0xC0, 0x03, 0xE0, 0x01, 
  0xF0, 0x00, 0x70, 0x00, 0x00, 0x01, 0x01, 0xFE, 0xF1, 0xFF, 0xF8, 0xFF, 
  0xFC, 0x3F, 0xFF, 0x9F, 0x87, 0xF7, 0xC3, 0xFF, 0xF1, 0xFF, 0xF8, 0xF7, 
  0xFE, 0x39, 0xFF, 0x9C, 0x7F, 0xFE, 0x1F, 0x7F, 0x0F, 0xDF, 0xC7, 0xF3, 
  0xFF, 0xF8, 0xFF, 0xFC, 0x3F, 0xFE, 0x1D, 0xFE, 0x02, 0x00, 0x00, 0x04, 
  0x00, 0x06, 0x00, 0x0F, 0x80, 0x0F, 0xC0, 0x07, 0xE0, 0x01, 0xF0, 0x00, 
  0x60, 0x00, 0x00, 0x00, 0x00, 0xF8, 0x1F, 0xF8, 0x1F, 0xF8, 0x1F, 0xF8, 
  0x1F, 0xF8, 0x1F, 0xF8, 0x1F, 0xF8, 0x1F, 0xF8, 0x1F, 0xF8, 0x1F, 0xF8, 
  0x1F, 0xF8, 0x1F, 0xFC, 0x1F, 0xFC, 0x3F, 0x7F, 0xFF, 0x7F, 0xFF, 0x3F, 
  0xFF, 0x1F, 0x9F, 0x00, 0x40, 0x00, 0x60, 0x01, 0xE0, 0x03, 0xF0, 0x07, 
  0xE0, 0x0F, 0x80, 0x06, 0x00, 0x00, 0x00, 0x00, 0x00, 0xF8, 0x1F, 0xF8, 
  0x1F, 0xF8, 0x1F, 0xF8, 0x1F, 0xF8, 0x1F, 0xF8, 0x1F, 0xF8, 0x1F, 0xF8, 
  0x1F, 0xF8, 0x1F, 0xF8, 0x1F, 0xF8, 0x1F, 0xFC, 0x1F, 0xFC, 0x3F, 0x7F, 
  0xFF, 0x7F, 0xFF, 0x3F, 0xFF, 0x1F, 0x9F, 0x03, 0xC0, 0x07, 0xE0, 0x0F, 
  0xF0, 0x1F, 0xF8, 0x3E, 0x3C, 0x18, 0x08, 0x00, 0x00, 0x00, 0x00, 0xF8, 
  0x1F, 0xF8, 0x1F, 0xF8, 0x1F, 0xF8, 0x1F, 0xF8, 0x1F, 0xF8, 0x1F, 0xF8, 
  0x1F, 0xF8, 0x1F, 0xF8, 0x1F, 0xF8, 0x1F, 0xF8, 0x1F, 0xFC, 0x1F, 0xFC, 
  0x3F, 0x7F, 0xFF, 0x7F, 0xFF, 0x3F, 0xFF, 0x1F, 0x9F, 0x3E, 0x3C, 0x3E, 
  0x7E, 0x3E, 0x7E, 0x3E, 0x3E, 0x1C, 0x3C, 0x00, 0x00, 0x00, 0x00, 0x00, 
  0x00, 0xF8, 0x1F, 0xF8, 0x1F, 0xF8, 0x1F, 0xF8, 0x1F, 0xF8, 0x1F, 0xF8, 
  0x1F, 0xF8, 0x1F, 0xF8, 0x1F, 0xF8, 0x1F, 0xF8, 0x1F, 0xF8, 0x1F, 0xFC, 
  0x1F, 0xFC, 0x3F, 0x7F, 0xFF, 0x7F, 0xFF, 0x3F, 0xFF, 0x1F, 0x9F, 0x00, 
  0x10, 0x00, 0x03, 0x00, 0x00, 0x78, 0x00, 0x0F, 0xC0, 0x01, 0xF8, 0x00, 
  0x3E, 0x00, 0x01, 0x80, 0x00, 0x00, 0x00, 0x00, 0x00, 0x0F, 0xC0, 0x3F, 
  0x7E, 0x07, 0xE7, 0xE0, 0x7E, 0x3E, 0x07, 0xC3, 0xF0, 0xFC, 0x1F, 0x0F, 
  0x81, 0xF8, 0xF8, 0x0F, 0x9F, 0x80, 0xFD, 0xF0, 0x07, 0xDF, 0x00, 0x7F, 
  0xE0, 0x07, 0xFE, 0x00, 0x3F, 0xC0, 0x03, 0xFC, 0x00, 0x1F, 0xC0, 0x01, 
  0xF8, 0x00, 0x0F, 0x80, 0x01, 0xF0, 0x00, 0x1F, 0x00, 0x03, 0xE0, 0x00, 
  0x3E, 0x00, 0x03, 0xE0, 0x00, 0x7C, 0x00, 0x0F, 0xC0, 0x00, 0xF8, 0x00, 
  0x3E, 0x00, 0x0F, 0x80, 0x03, 0xE0, 0x00, 0xF8, 0x00, 0x3E, 0x00, 0x0F, 
  0x80, 0x03, 0xE7, 0xF0, 0xFB, 0xFE, 0x3F, 0xFF, 0xCF, 0xFF, 0xFB, 0xF8, 
  0x7E, 0xFC, 0x0F, 0xFF, 0x01, 0xFF, 0x80, 0x7F, 0xE0, 0x1F, 0xF8, 0x07, 
  0xFF, 0x01, 0xFF, 0xC0, 0xFF, 0xF8, 0x7E, 0xFF, 0xFF, 0xBF, 0xFF, 0xCF, 
  0xBF, 0xE3, 0xE7, 0xF0, 0xF8, 0x00, 0x3E, 0x00, 0x0F, 0x80, 0x03, 0xE0, 
  0x00, 0xF8, 0x00, 0x3E, 0x00, 0x0F, 0x80, 0x00, 0x0F, 0x0F, 0x01, 0xF9, 
  0xF0, 0x1F, 0x9F, 0x80, 0xF9, 0xF0, 0x0F, 0x0E, 0x00, 0x00, 0x00, 0x00, 
  0x00, 0x00, 0x00, 0x00, 0xFC, 0x03, 0xF7, 0xE0, 0x7E, 0x7E, 0x07, 0xE3, 
  0xE0, 0x7C, 0x3F, 0x0F, 0xC1, 0xF0, 0xF8, 0x1F, 0x8F, 0x80, 0xF9, 0xF8, 
  0x0F, 0xDF, 0x00, 0x7D, 0xF0, 0x07, 0xFE, 0x00, 0x7F, 0xE0, 0x03, 0xFC, 
  0x00, 0x3F, 0xC0, 0x01, 0xFC, 0x00, 0x1F, 0x80, 0x00, 0xF8, 0x00, 0x1F, 
  0x00, 0x01, 0xF0, 0x00, 0x3E, 0x00, 0x03, 0xE0, 0x00, 0x3E, 0x00, 0x07, 
  0xC0, 0x00, 0xFC, 0x00, 0x07, 0xFF, 0x80, 0x1F, 0xFE, 0x00, 0x7F, 0xF8, 
  0x00, 0x00, 0x00, 0x00, 0x00, 0x00, 0x00, 0x00, 0x00, 0x0F, 0xC0, 0x00, 
  0x3F, 0x00, 0x00, 0xFE, 0x00, 0x07, 0xF8, 0x00, 0x1F, 0xE0, 0x00, 0xFF, 
  0xC0, 0x03, 0xFF, 0x00, 0x0F, 0xFE, 0x00, 0x7C, 0xF8, 0x01, 0xF3, 0xE0, 
  0x07, 0xCF, 0xC0, 0x3E, 0x1F, 0x00, 0xF8, 0x7E, 0x07, 0xE0, 0xF8, 0x1F, 
  0xFF, 0xE0, 0x7F, 0xFF, 0xC3, 0xFF, 0xFF, 0x0F, 0xFF, 0xFC, 0x7E, 0x01, 
  0xF9, 0xF0, 0x03, 0xE7, 0xC0, 0x0F, 0xFF, 0x00, 0x1F, 0x0F, 0xFE, 0x03, 
  0xFF, 0x80, 0xFF, 0xE0, 0x3F, 0xF8, 0x00, 0x00, 0x00, 0x00, 0x00, 0x00, 
  0x00, 0x3F, 0x9F, 0x1F, 0xF7, 0xCF, 0xFF, 0xF7, 0xFF, 0xFD, 0xF8, 0x7F, 
  0xFC, 0x0F, 0xFE, 0x03, 0xFF, 0x80, 0x7F, 0xE0, 0x1F, 0xF8, 0x07, 0xFE, 
  0x03, 0xFF, 0xC0, 0xFD, 0xF8, 0x7F, 0x7F, 0xFF, 0xCF, 0xFF, 0xF1, 0xFF, 
  0x7C, 0x3F, 0x9F, 0x07, 0x87, 0x80, 0x0F, 0xFC, 0x00, 0x3F, 0xF0, 0x00, 
  0x7F, 0x80, 0x00, 0x78, 0x00, 0x00, 0x00, 0x00, 0x00, 0x00, 0x00, 0x3F, 
  0x00, 0x00, 0xFC, 0x00, 0x03, 0xF8, 0x00, 0x1F, 0xE0, 0x00, 0x7F, 0x80, 
  0x03, 0xFF, 0x00, 0x0F, 0xFC, 0x00, 0x3F, 0xF8, 0x01, 0xF3, 0xE0, 0x07, 
  0xCF, 0x80, 0x1F, 0x3F, 0x00, 0xF8, 0x7C, 0x03, 0xE1, 0xF8, 0x1F, 0x83, 
  0xE0, 0x7F, 0xFF, 0x81, 0xFF, 0xFF, 0x0F, 0xFF, 0xFC, 0x3F, 0xFF, 0xF1, 
  0xF8, 0x07, 0xE7, 0xC0, 0x0F, 0x9F, 0x00, 0x3F, 0xFC, 0x00, 0x7C, 0x02, 
  0x08, 0x03, 0xC7, 0x80, 0xFB, 0xE0, 0x1F, 0xF0, 0x03, 0xF8, 0x00, 0x7C, 
  0x00, 0x00, 0x00, 0x00, 0x00, 0x0F, 0xE7, 0xC7, 0xFD, 0xF3, 0xFF, 0xFD, 
  0xFF, 0xFF, 0x7E, 0x1F, 0xFF, 0x03, 0xFF, 0x80, 0xFF, 0xE0, 0x1F, 0xF8, 
  0x07, 0xFE, 0x01, 0xFF, 0x80, 0xFF, 0xF0, 0x3F, 0x7E, 0x1F, 0xDF, 0xFF, 
  0xF3, 0xFF, 0xFC, 0x7F, 0xDF, 0x0F, 0xE7, 0xC0, 0x00, 0xFC, 0x00, 0x03, 
  0xF0, 0x00, 0x0F, 0xE0, 0x00, 0x7F, 0x80, 0x01, 0xFE, 0x00, 0x0F, 0xFC, 
  0x00, 0x3F, 0xF0, 0x00, 0xFF, 0xE0, 0x07, 0xCF, 0x80, 0x1F, 0x3E, 0x00, 
  0x7C, 0xFC, 0x03, 0xE1, 0xF0, 0x0F, 0x87, 0xE0, 0x7E, 0x0F, 0x81, 0xFF, 
  0xFE, 0x07, 0xFF, 0xFC, 0x3F, 0xFF, 0xF0, 0xFF, 0xFF, 0xC7, 0xE0, 0x1F, 
  0x9F, 0x00, 0x3E, 0x7C, 0x00, 0xFF, 0xF0, 0x01, 0xF0, 0x00, 0x0E, 0x00, 
  0x00, 0x70, 0x00, 0x03, 0xC0, 0x00, 0x0F, 0xE0, 0x00, 0x1F, 0xC0, 0x00, 
  0x7E, 0x00, 0x00, 0x70, 0x0F, 0xE7, 0xC7, 0xFD, 0xF3, 0xFF, 0xFD, 0xFF, 
  0xFF, 0x7E, 0x1F, 0xFF, 0x03, 0xFF, 0x80, 0xFF, 0xE0, 0x1F, 0xF8, 0x07, 
  0xFE, 0x01, 0xFF, 0x80, 0xFF, 0xF0, 0x3F, 0x7E, 0x1F, 0xDF, 0xFF, 0xF3, 
  0xFF, 0xFC, 0x7F, 0xDF, 0x0F, 0xE7, 0xC0, 0x07, 0x80, 0x03, 0xC0, 0x00, 
  0xF0, 0x00, 0x3F, 0x80, 0x0F, 0xF0, 0x01, 0xF8, 0x00, 0x18, 0x00, 0x02, 
  0x00, 0x00, 0x78, 0x00, 0x0F, 0xC0, 0x01, 0xFF, 0x00, 0x07, 0xC0, 0x00, 
  0x30, 0x00, 0x00, 0x00, 0x00, 0x0F, 0xC0, 0x03, 0xFF, 0xC0, 0x3F, 0xFF, 
  0x03, 0xFF, 0xFE, 0x3F, 0xFF, 0xE3, 0xFE, 0x3E, 0x1F, 0x80, 0x61, 0xF8, 
  0x01, 0x0F, 0xC0, 0x00, 0x7C, 0x00, 0x07, 0xE0, 0x00, 0x3F, 0x00, 0x01, 
  0xF8, 0x00, 0x0F, 0xC0, 0x00, 0x3E, 0x00, 0x01, 0xF8, 0x00, 0x0F, 0xE0, 
  0x08, 0x3F, 0x80, 0xE1, 0xFF, 0xFF, 0x07, 0xFF, 0xFC, 0x1F, 0xFF, 0xE0, 
  0x7F, 0xFE, 0x00, 0xFF, 0xC0, 0x00, 0x20, 0x00, 0x60, 0x00, 0xF0, 0x01, 
  0xF8, 0x07, 0xF0, 0x07, 0xC0, 0x03, 0x00, 0x00, 0x00, 0x00, 0x00, 0x07, 
  0xF8, 0x1F, 0xFE, 0x3F, 0xFF, 0x7F, 0xFE, 0x7E, 0x1C, 0x7C, 0x04, 0xF8, 
  0x00, 0xF8, 0x00, 0xF8, 0x00, 0xF8, 0x00, 0xFC, 0x00, 0x7C, 0x04, 0x7F, 
  0x1C, 0x7F, 0xFE, 0x3F, 0xFF, 0x1F, 0xFE, 0x07, 0xF8, 0x00, 0x3E, 0x00, 
  0x07, 0xF8, 0x00, 0x7F, 0xE0, 0x07, 0xCF, 0x80, 0x08, 0x08, 0x00, 0x00, 
  0x00, 0x01, 0xF8, 0x00, 0x7F, 0xF8, 0x07, 0xFF, 0xE0, 0x7F, 0xFF, 0xC7, 
  0xFF, 0xFC, 0x7F, 0xC7, 0xC3, 0xF0, 0x0C, 0x3F, 0x00, 0x21, 0xF8, 0x00, 
  0x0F, 0x80, 0x00, 0xFC, 0x00, 0x07, 0xE0, 0x00, 0x3F, 0x00, 0x01, 0xF8, 
  0x00, 0x07, 0xC0, 0x00, 0x3F, 0x00, 0x01, 0xFC, 0x01, 0x07, 0xF0, 0x1C, 
  0x3F, 0xFF, 0xE0, 0xFF, 0xFF, 0x83, 0xFF, 0xFC, 0x0F, 0xFF, 0xC0, 0x1F, 
  0xF8, 0x00, 0x01, 0xE0, 0x03, 0xF0, 0x07, 0xF8, 0x0F, 0xFC, 0x1E, 0x1E, 
  0x08, 0x0C, 0x00, 0x00, 0x00, 0x00, 0x07, 0xF8, 0x1F, 0xFE, 0x3F, 0xFF, 
  0x7F, 0xFE, 0x7E, 0x1C, 0x7C, 0x04, 0xF8, 0x00, 0xF8, 0x00, 0xF8, 0x00, 
  0xF8, 0x00, 0xFC, 0x00, 0x7C, 0x04, 0x7F, 0x1C, 0x7F, 0xFE, 0x3F, 0xFF, 
  0x1F, 0xFE, 0x07, 0xF8, 0x00, 0x08, 0x00, 0x01, 0xF0, 0x00, 0x1F, 0x80, 
  0x00, 0xFC, 0x00, 0x07, 0xE0, 0x00, 0x1E, 0x00, 0x00, 0x00, 0x00, 0x0F, 
  0xC0, 0x03, 0xFF, 0xC0, 0x3F, 0xFF, 0x03, 0xFF, 0xFE, 0x3F, 0xFF, 0xE3, 
  0xFE, 0x3E, 0x1F, 0x80, 0x61, 0xF8, 0x01, 0x0F, 0xC0, 0x00, 0x7C, 0x00, 
  0x07, 0xE0, 0x00, 0x3F, 0x00, 0x01, 0xF8, 0x00, 0x0F, 0xC0, 0x00, 0x3E, 
  0x00, 0x01, 0xF8, 0x00, 0x0F, 0xE0, 0x08, 0x3F, 0x80, 0xE1, 0xFF, 0xFF, 
  0x07, 0xFF, 0xFC, 0x1F, 0xFF, 0xE0, 0x7F, 0xFE, 0x00, 0xFF, 0xC0, 0x03, 
  0xE0, 0x03, 0xF0, 0x03, 0xF0, 0x03, 0xE0, 0x01, 0xC0, 0x00, 0x00, 0x00, 
  0x00, 0x00, 0x00, 0x07, 0xF8, 0x1F, 0xFE, 0x3F, 0xFF, 0x7F, 0xFE, 0x7E, 
  0x1C, 0x7C, 0x04, 0xF8, 0x00, 0xF8, 0x00, 0xF8, 0x00, 0xF8, 0x00, 0xFC, 
  0x00, 0x7C, 0x04, 0x7F, 0x1C, 0x7F, 0xFE, 0x3F, 0xFF, 0x1F, 0xFE, 0x07, 
  0xF8, 0x01, 0xC1, 0x80, 0x1F, 0xFE, 0x00, 0x3F, 0xE0, 0x00, 0xFC, 0x00, 
  0x03, 0xC0, 0x00, 0x00, 0x00, 0x01, 0xF8, 0x00, 0x7F, 0xF8, 0x07, 0xFF, 
  0xE0, 0x7F, 0xFF, 0xC7, 0xFF, 0xFC, 0x7F, 0xC7, 0xC3, 0xF0, 0x0C, 0x3F, 
  0x00, 0x21, 0xF8, 0x00, 0x0F, 0x80, 0x00, 0xFC, 0x00, 0x07, 0xE0, 0x00, 
  0x3F, 0x00, 0x01, 0xF8, 0x00, 0x07, 0xC0, 0x00, 0x3F, 0x00, 0x01, 0xFC, 
  0x01, 0x07, 0xF0, 0x1C, 0x3F, 0xFF, 0xE0, 0xFF, 0xFF, 0x83, 0xFF, 0xFC, 
  0x0F, 0xFF, 0xC0, 0x1F, 0xF8, 0x00, 0x08, 0x08, 0x1E, 0x3E, 0x0F, 0xFC, 
  0x07, 0xF8, 0x03, 0xF0, 0x01, 0xE0, 0x00, 0x00, 0x00, 0x00, 0x07, 0xF8, 
  0x1F, 0xFE, 0x3F, 0xFF, 0x7F, 0xFE, 0x7E, 0x1C, 0x7C, 0x04, 0xF8, 0x00, 
  0xF8, 0x00, 0xF8, 0x00, 0xF8, 0x00, 0xFC, 0x00, 0x7C, 0x04, 0x7F, 0x1C, 
  0x7F, 0xFE, 0x3F, 0xFF, 0x1F, 0xFE, 0x07, 0xF8, 0x0E, 0x0C, 0x00, 0xFB, 
  0xE0, 0x07, 0xFC, 0x00, 0x3F, 0x80, 0x01, 0xE0, 0x00, 0x00, 0x00, 0x00, 
  0x00, 0x0F, 0xFF, 0xC0, 0xFF, 0xFF, 0x0F, 0xFF, 0xF8, 0xFF, 0xFF, 0xCF, 
  0x83, 0xFE, 0xF8, 0x0F, 0xEF, 0x80, 0x7F, 0xF8, 0x03, 0xFF, 0x80, 0x3F, 
  0xF8, 0x01, 0xFF, 0x80, 0x1F, 0xF8, 0x01, 0xFF, 0x80, 0x1F, 0xF8, 0x03, 
  0xFF, 0x80, 0x3F, 0xF8, 0x07, 0xEF, 0x80, 0xFE, 0xFF, 0xFF, 0xCF, 0xFF, 
  0xFC, 0xFF, 0xFF, 0x8F, 0xFF, 0xE0, 0xFF, 0xF8, 0x00, 0x00, 0x07, 0xC7, 
  0x80, 0x01, 0xF3, 0xE0, 0x00, 0x7C, 0xFC, 0x00, 0x1F, 0x1F, 0x00, 0x07, 
  0xC3, 0x80, 0x01, 0xF1, 0xE0, 0x00, 0x7C, 0xF0, 0x3F, 0x9F, 0x10, 0x1F, 
  0xFF, 0xC0, 0x0F, 0xFF, 0xF0, 0x07, 0xFF, 0xFC, 0x01, 0xF8, 0x7F, 0x00, 
  0xFC, 0x0F, 0xC0, 0x3E, 0x01, 0xF0, 0x0F, 0x80, 0x7C, 0x03, 0xE0, 0x1F, 
  0x00, 0xF8, 0x07, 0xC0, 0x3E, 0x01, 0xF0, 0x0F, 0xC0, 0xFC, 0x01, 0xF8, 
  0x7F, 0x00, 0x7F, 0xFF, 0xC0, 0x0F, 0xFF, 0xF0, 0x01, 0xFF, 0xFC, 0x00, 
  0x3F, 0x9F, 0x00, 0x3F, 0xFF, 0x00, 0xFF, 0xFF, 0x03, 0xFF, 0xFE, 0x0F, 
  0xFF, 0xFC, 0x3E, 0x0F, 0xF8, 0xF8, 0x0F, 0xE3, 0xE0, 0x1F, 0xCF, 0x80, 
  0x3F, 0x3E, 0x00, 0xFF, 0xFF, 0x81, 0xFF, 0xFE, 0x07, 0xFF, 0xF8, 0x1F, 
  0xFF, 0xE0, 0x7C, 0xF8, 0x03, 0xF3, 0xE0, 0x0F, 0xCF, 0x80, 0x7E, 0x3E, 
  0x03, 0xF8, 0xFF, 0xFF, 0xC3, 0xFF, 0xFF, 0x0F, 0xFF, 0xF8, 0x3F, 0xFF, 
  0x80, 0xFF, 0xF8, 0x00, 0x00, 0x07, 0xC0, 0x00, 0x7C, 0x00, 0x7F, 0xF0, 
  0x07, 0xFF, 0x00, 0x7F, 0xF0, 0x07, 0xFF, 0x00, 0x07, 0xC0, 0xFE, 0x7C, 
  0x1F, 0xFF, 0xC3, 0xFF, 0xFC, 0x7F, 0xFF, 0xC7, 0xE1, 0xFC, 0xFC, 0x0F, 
  0xCF, 0x80, 0x7C, 0xF8, 0x07, 0xCF, 0x80, 0x7C, 0xF8, 0x07, 0xCF, 0x80, 
  0x7C, 0xFC, 0x0F, 0xC7, 0xE1, 0xFC, 0x7F, 0xFF, 0xC3, 0xFF, 0xFC, 0x1F, 
  0xFF, 0xC0, 0xFE, 0x7C, 0x3F, 0xFC, 0x3F, 0xFC, 0x3F, 0xFC, 0x00, 0x00, 
  0x00, 0x00, 0x00, 0x00, 0xFF, 0xFE, 0xFF, 0xFE, 0xFF, 0xFE, 0xFF, 0xFE, 
  0xF8, 0x00, 0xF8, 0x00, 0xF8, 0x00, 0xF8, 0x00, 0xFF, 0xFC, 0xFF, 0xFC, 
  0xFF, 0xFC, 0xFF, 0xFC, 0xFF, 0xFC, 0xF8, 0x00, 0xF8, 0x00, 0xF8, 0x00, 
  0xF8, 0x00, 0xFF, 0xFF, 0xFF, 0xFF, 0xFF, 0xFF, 0xFF, 0xFF, 0xFF, 0xFF, 
  0x1F, 0xFC, 0x0F, 0xFE, 0x07, 0xFF, 0x03, 0xFF, 0x80, 0x00, 0x00, 0x00, 
  0x00, 0x00, 0x00, 0x0F, 0xE0, 0x1F, 0xFC, 0x1F, 0xFF, 0x1F, 0xFF, 0xCF, 
  0xC3, 0xE7, 0xC0, 0xF7, 0xC0, 0x7F, 0xFF, 0xFF, 0xFF, 0xFF, 0xFF, 0xFF, 
  0xFC, 0x00, 0x1F, 0x01, 0x0F, 0xE1, 0x87, 0xFF, 0xE1, 0xFF, 0xF8, 0x7F, 
  0xF8, 0x0F, 0xF0, 0x3C, 0x3C, 0x1F, 0xF8, 0x1F, 0xF8, 0x0F, 0xF0, 0x03, 
  0xC0, 0x00, 0x00, 0x00, 0x00, 0xFF, 0xFE, 0xFF, 0xFE, 0xFF, 0xFE, 0xFF, 
  0xFE, 0xF8, 0x00, 0xF8, 0x00, 0xF8, 0x00, 0xF8, 0x00, 0xFF, 0xFC, 0xFF, 
  0xFC, 0xFF, 0xFC, 0xFF, 0xFC, 0xFF, 0xFC, 0xF8, 0x00, 0xF8, 0x00, 0xF8, 
  0x00, 0xF8, 0x00, 0xFF, 0xFF, 0xFF, 0xFF, 0xFF, 0xFF, 0xFF, 0xFF, 0xFF, 
  0xFF, 0x02, 0x10, 0x0F, 0x0E, 0x07, 0xDF, 0x01, 0xFF, 0x00, 0x7F, 0x80, 
  0x1F, 0x00, 0x00, 0x00, 0x00, 0x00, 0x07, 0xF0, 0x0F, 0xFE, 0x0F, 0xFF, 
  0x8F, 0xFF, 0xE7, 0xE1, 0xF3, 0xE0, 0x7B, 0xE0, 0x3F, 0xFF, 0xFF, 0xFF, 
  0xFF, 0xFF, 0xFF, 0xFE, 0x00, 0x0F, 0x80, 0x87, 0xF0, 0xC3, 0xFF, 0xF0, 
  0xFF, 0xFC, 0x3F, 0xFC, 0x07, 0xF8, 0x00, 0x01, 0x00, 0x03, 0xC0, 0x07, 
  0xE0, 0x07, 0xE0, 0x07, 0xE0, 0x03, 0x80, 0x00, 0x00, 0x00, 0x00, 0xFF, 
  0xFE, 0xFF, 0xFE, 0xFF, 0xFE, 0xFF, 0xFE, 0xF8, 0x00, 0xF8, 0x00, 0xF8, 
  0x00, 0xF8, 0x00, 0xFF, 0xFC, 0xFF, 0xFC, 0xFF, 0xFC, 0xFF, 0xFC, 0xFF, 
  0xFC, 0xF8, 0x00, 0xF8, 0x00, 0xF8, 0x00, 0xF8, 0x00, 0xFF, 0xFF, 0xFF, 
  0xFF, 0xFF, 0xFF, 0xFF, 0xFF, 0xFF, 0xFF, 0x03, 0xE0, 0x01, 0xF8, 0x00, 
  0xFC, 0x00, 0x7C, 0x00, 0x1C, 0x00, 0x00, 0x00, 0x00, 0x00, 0x00, 0x00, 
  0x07, 0xF0, 0x0F, 0xFE, 0x0F, 0xFF, 0x8F, 0xFF, 0xE7, 0xE1, 0xF3, 0xE0, 
  0x7B, 0xE0, 0x3F, 0xFF, 0xFF, 0xFF, 0xFF, 0xFF, 0xFF, 0xFE, 0x00, 0x0F, 
  0x80, 0x87, 0xF0, 0xC3, 0xFF, 0xF0, 0xFF, 0xFC, 0x3F, 0xFC, 0x07, 0xF8, 
  0x00, 0xFF, 0xFE, 0xFF, 0xFE, 0xFF, 0xFE, 0xFF, 0xFE, 0xF8, 0x00, 0xF8, 
  0x00, 0xF8, 0x00, 0xF8, 0x00, 0xFF, 0xFC, 0xFF, 0xFC, 0xFF, 0xFC, 0xFF, 
  0xFC, 0xFF, 0xFC, 0xF8, 0x00, 0xF8, 0x00, 0xF8, 0x00, 0xF8, 0x00, 0xFF, 
  0xFF, 0xFF, 0xFF, 0xFF, 0xFF, 0xFF, 0xFF, 0xFF, 0xFF, 0x00, 0x78, 0x00, 
  0xF0, 0x00, 0xF0, 0x00, 0xFE, 0x00, 0xFF, 0x00, 0x7E, 0x00, 0x18, 0x07, 
  0xF0, 0x0F, 0xFE, 0x0F, 0xFF, 0x8F, 0xFF, 0xE7, 0xE1, 0xF3, 0xE0, 0x7B, 
  0xE0, 0x3F, 0xFF, 0xFF, 0xFF, 0xFF, 0xFF, 0xFF, 0xFE, 0x00, 0x0F, 0x80, 
  0x87, 0xF0, 0xC3, 0xFF, 0xF0, 0xFF, 0xFC, 0x3F, 0xFC, 0x07, 0xFC, 0x00, 
  0x38, 0x00, 0x38, 0x00, 0x1C, 0x80, 0x0F, 0xE0, 0x07, 0xF0, 0x03, 0xF0, 
  0x00, 0x20, 0x1C, 0x38, 0x3F, 0xFC, 0x1F, 0xF0, 0x07, 0xE0, 0x03, 0xC0, 
  0x00, 0x00, 0x00, 0x00, 0xFF, 0xFE, 0xFF, 0xFE, 0xFF, 0xFE, 0xFF, 0xFE, 
  0xF8, 0x00, 0xF8, 0x00, 0xF8, 0x00, 0xF8, 0x00, 0xFF, 0xFC, 0xFF, 0xFC, 
  0xFF, 0xFC, 0xFF, 0xFC, 0xFF, 0xFC, 0xF8, 0x00, 0xF8, 0x00, 0xF8, 0x00, 
  0xF8, 0x00, 0xFF, 0xFF, 0xFF, 0xFF, 0xFF, 0xFF, 0xFF, 0xFF, 0xFF, 0xFF, 
  0x08, 0x08, 0x0F, 0x1F, 0x03, 0xFF, 0x00, 0xFF, 0x00, 0x3F, 0x00, 0x0F, 
  0x00, 0x00, 0x00, 0x00, 0x00, 0x07, 0xF0, 0x0F, 0xFE, 0x0F, 0xFF, 0x8F, 
  0xFF, 0xE7, 0xE1, 0xF3, 0xE0, 0x7B, 0xE0, 0x3F, 0xFF, 0xFF, 0xFF, 0xFF, 
  0xFF, 0xFF, 0xFE, 0x00, 0x0F, 0x80, 0x87, 0xF0, 0xC3, 0xFF, 0xF0, 0xFF, 
  0xFC, 0x3F, 0xFC, 0x07, 0xF8, 0x00, 0x00, 0x3E, 0x00, 0x01, 0xFE, 0x00, 
  0x07, 0xFE, 0x00, 0x1F, 0x1E, 0x00, 0x08, 0x08, 0x00, 0x00, 0x00, 0x00, 
  0x1F, 0x80, 0x00, 0xFF, 0xE0, 0x07, 0xFF, 0xF0, 0x1F, 0xFF, 0xF0, 0x7F, 
  0xFF, 0xE1, 0xFE, 0x0F, 0x83, 0xF0, 0x06, 0x0F, 0xC0, 0x00, 0x1F, 0x80, 
  0x00, 0x3E, 0x00, 0x00, 0xFC, 0x0F, 0xFF, 0xF8, 0x1F, 0xFF, 0xF0, 0x3F, 
  0xFF, 0xE0, 0x7F, 0xF7, 0xE0, 0xFF, 0xEF, 0xC0, 0x0F, 0xDF, 0xC0, 0x1F, 
  0x1F, 0xC0, 0x7E, 0x3F, 0xFF, 0xF8, 0x3F, 0xFF, 0xF0, 0x3F, 0xFF, 0xC0, 
  0x3F, 0xFF, 0x00, 0x1F, 0xF8, 0x00, 0x00, 0xF0, 0x00, 0x7E, 0x00, 0x3F, 
  0xC0, 0x1F, 0xF8, 0x0F, 0x1F, 0x01, 0x01, 0x80, 0x00, 0x00, 0x00, 0x00, 
  0x0F, 0xE7, 0xC7, 0xFF, 0xF3, 0xFF, 0xFD, 0xFF, 0xFF, 0x7E, 0x1F, 0xFF, 
  0x03, 0xFF, 0xC0, 0x7F, 0xE0, 0x1F, 0xF8, 0x07, 0xFE, 0x01, 0xFF, 0xC0, 
  0x7D, 0xF0, 0x3F, 0x7E, 0x1F, 0xCF, 0xFF, 0xF3, 0xFF, 0xFC, 0x7F, 0xDF, 
  0x07, 0xC7, 0xC0, 0x01, 0xF0, 0x00, 0xFC, 0x60, 0x7F, 0x3F, 0xFF, 0x8F, 
  0xFF, 0xC3, 0xFF, 0xE0, 0x3F, 0xF0, 0x03, 0xC3, 0xC0, 0x03, 0xFF, 0x00, 
  0x03, 0xFE, 0x00, 0x03, 0xF8, 0x00, 0x03, 0xC0, 0x00, 0x00, 0x00, 0x00, 
  0x1F, 0x80, 0x00, 0xFF, 0xE0, 0x07, 0xFF, 0xF0, 0x1F, 0xFF, 0xF0, 0x7F, 
  0xFF, 0xE1, 0xFE, 0x0F, 0x83, 0xF0, 0x06, 0x0F, 0xC0, 0x00, 0x1F, 0x80, 
  0x00, 0x3E, 0x00, 0x00, 0xFC, 0x0F, 0xFF, 0xF8, 0x1F, 0xFF, 0xF0, 0x3F, 
  0xFF, 0xE0, 0x7F, 0xF7, 0xE0, 0xFF, 0xEF, 0xC0, 0x0F, 0xDF, 0xC0, 0x1F, 
  0x1F, 0xC0, 0x7E, 0x3F, 0xFF, 0xF8, 0x3F, 0xFF, 0xF0, 0x3F, 0xFF, 0xC0, 
  0x3F, 0xFF, 0x00, 0x1F, 0xF8, 0x00, 0x01, 0x08, 0x03, 0xC3, 0x80, 0xFB, 
  0xE0, 0x1F, 0xF0, 0x03, 0xFC, 0x00, 0x7C, 0x00, 0x00, 0x00, 0x00, 0x00, 
  0x0F, 0xE7, 0xC7, 0xFF, 0xF3, 0xFF, 0xFD, 0xFF, 0xFF, 0x7E, 0x1F, 0xFF, 
  0x03, 0xFF, 0xC0, 0x7F, 0xE0, 0x1F, 0xF8, 0x07, 0xFE, 0x01, 0xFF, 0xC0, 
  0x7D, 0xF0, 0x3F, 0x7E, 0x1F, 0xCF, 0xFF, 0xF3, 0xFF, 0xFC, 0x7F, 0xDF, 
  0x07, 0xC7, 0xC0, 0x01, 0xF0, 0x00, 0xFC, 0x60, 0x7F, 0x3F, 0xFF, 0x8F, 
  0xFF, 0xC3, 0xFF, 0xE0, 0x3F, 0xF0, 0x00, 0x08, 0x00, 0x00, 0x7C, 0x00, 
  0x01, 0xF8, 0x00, 0x03, 0xF0, 0x00, 0x07, 0xE0, 0x00, 0x03, 0x80, 0x00, 
  0x00, 0x00, 0x00, 0x3F, 0x00, 0x01, 0xFF, 0xC0, 0x0F, 0xFF, 0xE0, 0x3F, 
  0xFF, 0xE0, 0xFF, 0xFF, 0xC3, 0xFC, 0x1F, 0x07, 0xE0, 0x0C, 0x1F, 0x80, 
  0x00, 0x3F, 0x00, 0x00, 0x7C, 0x00, 0x01, 0xF8, 0x1F, 0xFF, 0xF0, 0x3F, 
  0xFF, 0xE0, 0x7F, 0xFF, 0xC0, 0xFF, 0xEF, 0xC1, 0xFF, 0xDF, 0x80, 0x1F, 
  0xBF, 0x80, 0x3E, 0x3F, 0x80, 0xFC, 0x7F, 0xFF, 0xF0, 0x7F, 0xFF, 0xE0, 
  0x7F, 0xFF, 0x80, 0x7F, 0xFE, 0x00, 0x3F, 0xF0, 0x00, 0x01, 0xF0, 0x00, 
  0x7E, 0x00, 0x1F, 0x80, 0x07, 0xC0, 0x00, 0xE0, 0x00, 0x00, 0x00, 0x00, 
  0x00, 0x00, 0x00, 0x0F, 0xE7, 0xC7, 0xFF, 0xF3, 0xFF, 0xFD, 0xFF, 0xFF, 
  0x7E, 0x1F, 0xFF, 0x03, 0xFF, 0xC0, 0x7F, 0xE0, 0x1F, 0xF8, 0x07, 0xFE, 
  0x01, 0xFF, 0xC0, 0x7D, 0xF0, 0x3F, 0x7E, 0x1F, 0xCF, 0xFF, 0xF3, 0xFF, 
  0xFC, 0x7F, 0xDF, 0x07, 0xC7, 0xC0, 0x01, 0xF0, 0x00, 0xFC, 0x60, 0x7F, 
  0x3F, 0xFF, 0x8F, 0xFF, 0xC3, 0xFF, 0xE0, 0x3F, 0xF0, 0x00, 0x7E, 0x00, 
  0x03, 0xFF, 0x80, 0x1F, 0xFF, 0xC0, 0x7F, 0xFF, 0xC1, 0xFF, 0xFF, 0x87, 
  0xF8, 0x3E, 0x0F, 0xC0, 0x18, 0x3F, 0x00, 0x00, 0x7E, 0x00, 0x00, 0xF8, 
  0x00, 0x03, 0xF0, 0x3F, 0xFF, 0xE0, 0x7F, 0xFF, 0xC0, 0xFF, 0xFF, 0x81, 
  0xFF, 0xDF, 0x83, 0xFF, 0xBF, 0x00, 0x3F, 0x7F, 0x00, 0x7C, 0x7F, 0x01, 
  0xF8, 0xFF, 0xFF, 0xE0, 0xFF, 0xFF, 0xC0, 0xFF, 0xFF, 0x00, 0xFF, 0xFC, 
  0x00, 0x7F, 0xE0, 0x00, 0x00, 0x00, 0x00, 0x38, 0x00, 0x00, 0xF8, 0x00, 
  0x01, 0xF0, 0x00, 0x03, 0xF0, 0x00, 0x01, 0xC0, 0x00, 0x07, 0x80, 0x00, 
  0x3E, 0x00, 0x00, 0x38, 0x00, 0x00, 0x30, 0x00, 0x1E, 0x00, 0x0E, 0x00, 
  0x07, 0x80, 0x01, 0xF0, 0x00, 0x7C, 0x00, 0x1F, 0x00, 0x03, 0xC0, 0x00, 
  0x00, 0x00, 0x00, 0x00, 0xFE, 0x7C, 0x7F, 0xFF, 0x3F, 0xFF, 0xDF, 0xFF, 
  0xF7, 0xE1, 0xFF, 0xF0, 0x3F, 0xFC, 0x07, 0xFE, 0x01, 0xFF, 0x80, 0x7F, 
  0xE0, 0x1F, 0xFC, 0x07, 0xDF, 0x03, 0xF7, 0xE1, 0xFC, 0xFF, 0xFF, 0x3F, 
  0xFF, 0xC7, 0xFD, 0xF0, 0x7C, 0x7C, 0x00, 0x1F, 0x00, 0x0F, 0xC6, 0x07, 
  0xF3, 0xFF, 0xF8, 0xFF, 0xFC, 0x3F, 0xFE, 0x03, 0xFF, 0x00, 0x01, 0xF0, 
  0x00, 0x7F, 0x00, 0x3F, 0xF8, 0x07, 0x8F, 0x00, 0x40, 0x40, 0x00, 0x00, 
  0x00, 0x00, 0x07, 0xC0, 0x1F, 0xF8, 0x03, 0xFF, 0x00, 0x7F, 0xE0, 0x0F, 
  0xFC, 0x01, 0xFF, 0x80, 0x3F, 0xF0, 0x07, 0xFE, 0x00, 0xFF, 0xFF, 0xFF, 
  0xFF, 0xFF, 0xFF, 0xFF, 0xFF, 0xFF, 0xFF, 0xFF, 0xFF, 0xFF, 0x80, 0x3F, 
  0xF0, 0x07, 0xFE, 0x00, 0xFF, 0xC0, 0x1F, 0xF8, 0x03, 0xFF, 0x00, 0x7F, 
  0xE0, 0x0F, 0xFC, 0x01, 0xFF, 0x80, 0x3E, 0x03, 0xE0, 0x0F, 0xF0, 0x1F, 
  0xF8, 0x3E, 0x3C, 0x08, 0x08, 0x00, 0x00, 0xF8, 0x00, 0xF8, 0x00, 0xF8, 
  0x00, 0xF8, 0x00, 0xF8, 0x00, 0xF8, 0x00, 0xF8, 0x00, 0xF9, 0xFC, 0xFB, 
  0xFE, 0xFF, 0xFE, 0xFF, 0xFF, 0xFE, 0x3F, 0xFC, 0x1F, 0xF8, 0x1F, 0xF8, 
  0x1F, 0xF8, 0x1F, 0xF8, 0x1F, 0xF8, 0x1F, 0xF8, 0x1F, 0xF8, 0x1F, 0xF8, 
  0x1F, 0xF8, 0x1F, 0xF8, 0x1F, 0xF8, 0x1F, 0x3F, 0x00, 0xFC, 0x3F, 0x00, 
  0xFC, 0xFF, 0x00, 0xFF, 0xFF, 0xFF, 0xFF, 0xFF, 0xFF, 0xFF, 0xFF, 0xFF, 
  0xFF, 0xFF, 0x00, 0xFF, 0x3F, 0x00, 0xFC, 0x3F, 0xFF, 0xFC, 0x3F, 0xFF, 
  0xFC, 0x3F, 0xFF, 0xFC, 0x3F, 0xFF, 0xFC, 0x3F, 0xFF, 0xFC, 0x3F, 0x00, 
  0xFC, 0x3F, 0x00, 0xFC, 0x3F, 0x00, 0xFC, 0x3F, 0x00, 0xFC, 0x3F, 0x00, 
  0xFC, 0x3F, 0x00, 0xFC, 0x3F, 0x00, 0xFC, 0x3F, 0x00, 0xFC, 0x3F, 0x00, 
  0xFC, 0x3E, 0x00, 0x0F, 0x80, 0x0F, 0xFE, 0x03, 0xFF, 0x80, 0xFF, 0xE0, 
  0x3F, 0xF8, 0x03, 0xE0, 0x00, 0xF9, 0xFC, 0x3E, 0xFF, 0x8F, 0xFF, 0xE3, 
  0xFF, 0xFC, 0xFE, 0x3F, 0x3F, 0x07, 0xCF, 0x81, 0xF3, 0xE0, 0x7C, 0xF8, 
  0x1F, 0x3E, 0x07, 0xCF, 0x81, 0xF3, 0xE0, 0x7C, 0xF8, 0x1F, 0x3E, 0x07, 
  0xCF, 0x81, 0xF3, 0xE0, 0x7C, 0xF8, 0x1F, 0x1E, 0x39, 0xFF, 0xDF, 0xFC, 
  0xE7, 0xE0, 0x00, 0x00, 0x00, 0x00, 0x1F, 0xFF, 0xFF, 0xFF, 0xFF, 0xFF, 
  0xFE, 0x1F, 0x80, 0xFC, 0x07, 0xE0, 0x3F, 0x01, 0xF8, 0x0F, 0xC0, 0x7E, 
  0x03, 0xF0, 0x1F, 0x80, 0xFC, 0x07, 0xE0, 0x3F, 0x01, 0xF8, 0xFF, 0xFF, 
  0xFF, 0xFF, 0xFF, 0xFF, 0xFF, 0xFF, 0x80, 0x7C, 0xFF, 0xFF, 0xFF, 0xF3, 
  0xE0, 0x10, 0x00, 0x00, 0x00, 0xF8, 0x1F, 0x03, 0xE0, 0x7C, 0x0F, 0x81, 
  0xF0, 0x3E, 0x07, 0xC0, 0xF8, 0x1F, 0x03, 0xE0, 0x7C, 0x0F, 0x81, 0xF0, 
  0x3E, 0x07, 0xC0, 0xF8, 0x7F, 0xFB, 0xFF, 0xDF, 0xFE, 0x00, 0x00, 0x00, 
  0x00, 0x03, 0xFF, 0xFF, 0xFF, 0xFF, 0xFF, 0xFF, 0xC3, 0xF0, 0x1F, 0x80, 
  0xFC, 0x07, 0xE0, 0x3F, 0x01, 0xF8, 0x0F, 0xC0, 0x7E, 0x03, 0xF0, 0x1F, 
  0x80, 0xFC, 0x07, 0xE0, 0x3F, 0x1F, 0xFF, 0xFF, 0xFF, 0xFF, 0xFF, 0xFF, 
  0xFF, 0xF0, 0xFF, 0xFF, 0xFF, 0xFF, 0xFF, 0xF0, 0x00, 0x00, 0x00, 0x00, 
  0xF8, 0x1F, 0x03, 0xE0, 0x7C, 0x0F, 0x81, 0xF0, 0x3E, 0x07, 0xC0, 0xF8, 
  0x1F, 0x03, 0xE0, 0x7C, 0x0F, 0x81, 0xF0, 0x3E, 0x07, 0xC0, 0xF8, 0x78, 
  0x79, 0xFF, 0x8F, 0xF8, 0x3F, 0xC0, 0x78, 0x00, 0x00, 0x00, 0x1F, 0xFF, 
  0xFF, 0xFF, 0xFF, 0xFF, 0xFE, 0x1F, 0x80, 0xFC, 0x07, 0xE0, 0x3F, 0x01, 
  0xF8, 0x0F, 0xC0, 0x7E, 0x03, 0xF0, 0x1F, 0x80, 0xFC, 0x07, 0xE0, 0x3F, 
  0x01, 0xF8, 0xFF, 0xFF, 0xFF, 0xFF, 0xFF, 0xFF, 0xFF, 0xFF, 0x80, 0x20, 
  0x9E, 0x1F, 0xEF, 0xBF, 0xE3, 0xF8, 0x3E, 0x00, 0x00, 0x00, 0x1F, 0x03, 
  0xE0, 0x7C, 0x0F, 0x81, 0xF0, 0x3E, 0x07, 0xC0, 0xF8, 0x1F, 0x03, 0xE0, 
  0x7C, 0x0F, 0x81, 0xF0, 0x3E, 0x07, 0xC0, 0xF8, 0x1F, 0x00, 0xFF, 0xFF, 
  0xFF, 0xFF, 0xFF, 0xFF, 0xF0, 0xFC, 0x07, 0xE0, 0x3F, 0x01, 0xF8, 0x0F, 
  0xC0, 0x7E, 0x03, 0xF0, 0x1F, 0x80, 0xFC, 0x07, 0xE0, 0x3F, 0x01, 0xF8, 
  0x0F, 0xC7, 0xFF, 0xFF, 0xFF, 0xFF, 0xFF, 0xFF, 0xFF, 0xFC, 0x1E, 0x00, 
  0xE0, 0x0F, 0x00, 0x7F, 0x03, 0xFC, 0x0F, 0xC0, 0x1C, 0x00, 0x3E, 0x3F, 
  0x3F, 0x3E, 0x1C, 0x00, 0x00, 0x00, 0x3E, 0x3E, 0x3E, 0x3E, 0x3E, 0x3E, 
  0x3E, 0x3E, 0x3E, 0x3E, 0x3E, 0x3E, 0x3E, 0x3E, 0x3E, 0x3E, 0x3E, 0x78, 
  0xF0, 0xF0, 0xFE, 0xFF, 0x7E, 0x18, 0x02, 0x00, 0x7C, 0x03, 0xF0, 0x1F, 
  0x80, 0xFC, 0x03, 0x80, 0x00, 0x00, 0x00, 0xFF, 0xFF, 0xFF, 0xFF, 0xFF, 
  0xFF, 0xF0, 0xFC, 0x07, 0xE0, 0x3F, 0x01, 0xF8, 0x0F, 0xC0, 0x7E, 0x03, 
  0xF0, 0x1F, 0x80, 0xFC, 0x07, 0xE0, 0x3F, 0x01, 0xF8, 0x0F, 0xC7, 0xFF, 
  0xFF, 0xFF, 0xFF, 0xFF, 0xFF, 0xFF, 0xFC, 0xFF, 0xFF, 0xFF, 0xFF, 0xFF, 
  0xFF, 0xFF, 0xFF, 0xFF, 0xFF, 0xF8, 0xFF, 0xF8, 0x03, 0xFF, 0xFF, 0xFF, 
  0x00, 0x7F, 0xFF, 0xFF, 0xE0, 0x0F, 0xFF, 0xFF, 0xFC, 0x01, 0xFF, 0xF0, 
  0xFC, 0x00, 0x03, 0xE0, 0x1F, 0x80, 0x00, 0x7C, 0x03, 0xF0, 0x00, 0x0F, 
  0x80, 0x7E, 0x00, 0x01, 0xF0, 0x0F, 0xC0, 0x00, 0x3E, 0x01, 0xF8, 0x00, 
  0x07, 0xC0, 0x3F, 0x00, 0x00, 0xF8, 0x07, 0xE0, 0x00, 0x1F, 0x00, 0xFC, 
  0x00, 0x03, 0xE0, 0x1F, 0x80, 0x00, 0x7C, 0x03, 0xF0, 0x00, 0x0F, 0x80, 
  0x7E, 0x00, 0x41, 0xF0, 0x0F, 0xC0, 0x18, 0x3E, 0x1F, 0xFF, 0x07, 0xFF, 
  0xC3, 0xFF, 0xE1, 0xFF, 0xF8, 0x7F, 0xFC, 0x1F, 0xFE, 0x0F, 0xFF, 0x81, 
  0xFF, 0x81, 0xFF, 0xF0, 0x1F, 0xE0, 0x00, 0x30, 0x04, 0x7E, 0x0F, 0xBF, 
  0x0F, 0xFF, 0x87, 0xEF, 0xC1, 0xF1, 0x80, 0x60, 0x00, 0x00, 0x00, 0x00, 
  0x00, 0x00, 0x3E, 0x0F, 0x9F, 0x07, 0xCF, 0x83, 0xE7, 0xC1, 0xF3, 0xE0, 
  0xF9, 0xF0, 0x7C, 0xF8, 0x3E, 0x7C, 0x1F, 0x3E, 0x0F, 0x9F, 0x07, 0xCF, 
  0x83, 0xE7, 0xC1, 0xF3, 0xE0, 0xF9, 0xF0, 0x7C, 0xF8, 0x3E, 0x7C, 0x1F, 
  0x3E, 0x0F, 0x80, 0x07, 0xC0, 0x07, 0xE0, 0x07, 0xF0, 0x0F, 0xF0, 0x03, 
  0xF8, 0x01, 0xF8, 0x00, 0x60, 0x00, 0x00, 0x7E, 0x00, 0x3F, 0xC0, 0x1F, 
  0xF8, 0x0F, 0x9F, 0x01, 0x81, 0x80, 0x00, 0x00, 0x00, 0x00, 0x1F, 0xFF, 
  0x07, 0xFF, 0xC1, 0xFF, 0xF0, 0x7F, 0xFC, 0x01, 0xF8, 0x00, 0x7E, 0x00, 
  0x1F, 0x80, 0x07, 0xE0, 0x01, 0xF8, 0x00, 0x7E, 0x00, 0x1F, 0x80, 0x07, 
  0xE0, 0x01, 0xF8, 0x00, 0x7E, 0x00, 0x1F, 0x81, 0x07, 0xE0, 0xE1, 0xF8, 
  0x7F, 0xFC, 0x3F, 0xFF, 0x07, 0xFF, 0x80, 0xFF, 0xC0, 0x0F, 0xE0, 0x00, 
  0x0F, 0x01, 0xF8, 0x3F, 0xC7, 0xFE, 0xF8, 0xF6, 0x02, 0x00, 0x00, 0x00, 
  0x0F, 0x80, 0xF8, 0x0F, 0x80, 0xF8, 0x0F, 0x80, 0xF8, 0x0F, 0x80, 0xF8, 
  0x0F, 0x80, 0xF8, 0x0F, 0x80, 0xF8, 0x0F, 0x80, 0xF8, 0x0F, 0x80, 0xF8, 
  0x0F, 0x81, 0xF8, 0x1F, 0x87, 0xF0, 0xFF, 0x07, 0xE0, 0x7C, 0x03, 0x00, 
  0xF8, 0x07, 0xF7, 0xC0, 0x7E, 0x3E, 0x07, 0xE1, 0xF0, 0x7E, 0x0F, 0x87, 
  0xE0, 0x7C, 0x7E, 0x03, 0xE7, 0xE0, 0x1F, 0x7E, 0x00, 0xFF, 0xE0, 0x07, 
  0xFF, 0x00, 0x3F, 0xFC, 0x01, 0xFF, 0xE0, 0x0F, 0xFF, 0x80, 0x7E, 0x7E, 
  0x03, 0xE3, 0xF8, 0x1F, 0x0F, 0xC0, 0xF8, 0x3F, 0x07, 0xC0, 0xFC, 0x3E, 
  0x03, 0xF1, 0xF0, 0x1F, 0xCF, 0x80, 0x7E, 0x7C, 0x01, 0xFC, 0x00, 0x00, 
  0x00, 0x38, 0x00, 0x03, 0xE0, 0x00, 0x1F, 0x80, 0x00, 0xFC, 0x00, 0x01, 
  0xE0, 0x00, 0x0E, 0x00, 0x01, 0xF0, 0x00, 0x0E, 0x00, 0x00, 0xF8, 0x00, 
  0x3E, 0x00, 0x0F, 0x80, 0x03, 0xE0, 0x00, 0xF8, 0x00, 0x3E, 0x00, 0x0F, 
  0x80, 0x03, 0xE0, 0x7F, 0xF8, 0x3F, 0x3E, 0x1F, 0x8F, 0x8F, 0xC3, 0xE7, 
  0xE0, 0xFB, 0xF0, 0x3F, 0xF8, 0x0F, 0xFC, 0x03, 0xFF, 0x80, 0xFF, 0xF0, 
  0x3F, 0xFE, 0x0F, 0xCF, 0x83, 0xE3, 0xF0, 0xF8, 0x7E, 0x3E, 0x0F, 0xCF, 
  0x81, 0xFB, 0xE0, 0x7F, 0x00, 0x00, 0x00, 0x60, 0x00, 0x7E, 0x00, 0x1F, 
  0x80, 0x03, 0xE0, 0x00, 0x78, 0x00, 0x1C, 0x00, 0x1F, 0x00, 0x03, 0x00, 
  0x00, 0xF8, 0x1F, 0xFE, 0x0F, 0xCF, 0x87, 0xE3, 0xE3, 0xF0, 0xF9, 0xF8, 
  0x3E, 0xFC, 0x0F, 0xFE, 0x03, 0xFF, 0x00, 0xFF, 0xE0, 0x3F, 0xFC, 0x0F, 
  0xFF, 0x83, 0xF3, 0xE0, 0xF8, 0xFC, 0x3E, 0x1F, 0x8F, 0x83, 0xF3, 0xE0, 
  0xFC, 0xF8, 0x1F, 0x80, 0x06, 0x00, 0x1E, 0x00, 0x7F, 0x00, 0xFF, 0x00, 
  0xF8, 0x00, 0xC0, 0x00, 0x00, 0x00, 0x00, 0x00, 0x7C, 0x00, 0x7C, 0x00, 
  0x7C, 0x00, 0x7C, 0x00, 0x7C, 0x00, 0x7C, 0x00, 0x7C, 0x00, 0x7C, 0x00, 
  0x7C, 0x00, 0x7C, 0x00, 0x7C, 0x00, 0x7C, 0x00, 0x7C, 0x00, 0x7C, 0x00, 
  0x7C, 0x00, 0x7C, 0x00, 0x7C, 0x00, 0x7F, 0xFF, 0x7F, 0xFF, 0x7F, 0xFF, 
  0x7F, 0xFF, 0x7F, 0xFF, 0x06, 0x0E, 0x3F, 0xFF, 0xFC, 0x60, 0x00, 0x7C, 
  0x7C, 0x7C, 0x7C, 0x7C, 0x7C, 0x7C, 0x7C, 0x7C, 0x7C, 0x7C, 0x7C, 0x7C, 
  0x7C, 0x7C, 0x7C, 0x7C, 0x7C, 0x7C, 0x7C, 0x7C, 0x7C, 0x7C, 0x7C, 0xF8, 
  0x01, 0xF0, 0x03, 0xE0, 0x07, 0xC0, 0x0F, 0x80, 0x1F, 0x00, 0x3E, 0x00, 
  0x7C, 0x00, 0xF8, 0x01, 0xF0, 0x03, 0xE0, 0x07, 0xC0, 0x0F, 0x80, 0x1F, 
  0x00, 0x3E, 0x00, 0x7C, 0x00, 0xF8, 0x01, 0xFF, 0xFF, 0xFF, 0xFF, 0xFF, 
  0xFF, 0xFF, 0xFF, 0xFF, 0xC0, 0x00, 0x03, 0x80, 0x0F, 0x80, 0x1F, 0x80, 
  0x3F, 0x00, 0x1E, 0x00, 0x38, 0x01, 0xF0, 0x03, 0x80, 0x00, 0xFB, 0xEF, 
  0xBE, 0xFB, 0xEF, 0xBE, 0xFB, 0xEF, 0xBE, 0xFB, 0xEF, 0xBE, 0xFB, 0xEF, 
  0xBE, 0xFB, 0xEF, 0xBE, 0x01, 0xCF, 0xBF, 0xFC, 0xF3, 0xBC, 0xE0, 0xF8, 
  0x79, 0xF0, 0xFB, 0xE1, 0xFF, 0xC1, 0xEF, 0x81, 0xDF, 0x07, 0xBE, 0x3E, 
  0x7C, 0x30, 0xF8, 0x01, 0xF0, 0x03, 0xE0, 0x07, 0xC0, 0x0F, 0x80, 0x1F, 
  0x00, 0x3E, 0x00, 0x7C, 0x00, 0xF8, 0x01, 0xFF, 0xFF, 0xFF, 0xFF, 0xFF, 
  0xFF, 0xFF, 0xFF, 0xFF, 0xC0, 0xF8, 0xF3, 0xE3, 0xEF, 0x8F, 0xFE, 0x1F, 
  0xF8, 0x3B, 0xE1, 0xEF, 0x9F, 0x3E, 0x30, 0xF8, 0x03, 0xE0, 0x0F, 0x80, 
  0x3E, 0x00, 0xF8, 0x03, 0xE0, 0x0F, 0x80, 0x3E, 0x00, 0xF8, 0x03, 0xE0, 
  0x0F, 0x80, 0x3E, 0x00, 0xF8, 0x03, 0xE0, 0x0F, 0x80, 0x3E, 0x00, 0xF8, 
  0x01, 0xF0, 0x03, 0xE0, 0x07, 0xC0, 0x0F, 0x80, 0x1F, 0x00, 0x3E, 0x00, 
  0x7C, 0x1E, 0xF8, 0x3F, 0xF0, 0x7F, 0xE0, 0xFF, 0xC1, 0xEF, 0x80, 0x1F, 
  0x00, 0x3E, 0x00, 0x7C, 0x00, 0xF8, 0x01, 0xFF, 0xFF, 0xFF, 0xFF, 0xFF, 
  0xFF, 0xFF, 0xFF, 0xFF, 0xC0, 0xF8, 0x07, 0xC0, 0x3E, 0x01, 0xF0, 0x0F, 
  0x80, 0x7C, 0x03, 0xE0, 0x1F, 0x00, 0xF8, 0x07, 0xC7, 0xBE, 0x7F, 0xF3, 
  0xFF, 0x9F, 0xFC, 0x7B, 0xE0, 0x1F, 0x00, 0xF8, 0x07, 0xC0, 0x3E, 0x01, 
  0xF0, 0x0F, 0x80, 0x7C, 0x03, 0xE0, 0x1F, 0x00, 0x1F, 0x80, 0x03, 0xF0, 
  0x00, 0x7E, 0x00, 0x0F, 0xC0, 0x01, 0xF8, 0x00, 0x3F, 0x20, 0x07, 0xFC, 
  0x00, 0xFF, 0x80, 0x1F, 0xF0, 0x07, 0xFF, 0x03, 0xFF, 0x00, 0x7F, 0xC0, 
  0x07, 0xF8, 0x00, 0xFF, 0x00, 0x07, 0xE0, 0x00, 0xFC, 0x00, 0x1F, 0x80, 
  0x03, 0xFF, 0xFC, 0x7F, 0xFF, 0x8F, 0xFF, 0xF1, 0xFF, 0xFE, 0x3F, 0xFF, 
  0xC0, 0x1F, 0x81, 0xF8, 0x1F, 0x81, 0xF8, 0x1F, 0x81, 0xF8, 0x1F, 0x81, 
  0xFA, 0x1F, 0xE1, 0xFE, 0x1F, 0xF7, 0xFF, 0xFF, 0x87, 0xF8, 0x7F, 0x87, 
  0xF8, 0x1F, 0x81, 0xF8, 0x1F, 0x81, 0xF8, 0x1F, 0x81, 0xF8, 0x1F, 0x81, 
  0xF8, 0x00, 0x18, 0x00, 0x03, 0x80, 0x00, 0xFC, 0x00, 0x3F, 0xC0, 0x03, 
  0xF0, 0x00, 0x18, 0x00, 0x00, 0x00, 0x00, 0x00, 0x00, 0xF8, 0x01, 0xFF, 
  0xC0, 0x1F, 0xFE, 0x01, 0xFF, 0xF0, 0x1F, 0xFF, 0x01, 0xFF, 0xF8, 0x1F, 
  0xFF, 0xC1, 0xFF, 0xFC, 0x1F, 0xFF, 0xE1, 0xFF, 0xBF, 0x1F, 0xF9, 0xF9, 
  0xFF, 0x9F, 0x9F, 0xF8, 0xFD, 0xFF, 0x87, 0xFF, 0xF8, 0x3F, 0xFF, 0x83, 
  0xFF, 0xF8, 0x1F, 0xFF, 0x80, 0xFF, 0xF8, 0x0F, 0xFF, 0x80, 0x7F, 0xF8, 
  0x03, 0xFF, 0x80, 0x1F, 0x00, 0x20, 0x00, 0x30, 0x00, 0xF0, 0x01, 0xF8, 
  0x03, 0xF0, 0x07, 0xC0, 0x03, 0x00, 0x00, 0x00, 0x00, 0x00, 0xF9, 0xFC, 
  0xFB, 0xFE, 0xFF, 0xFE, 0xFF, 0xFF, 0xFE, 0x3F, 0xFC, 0x1F, 0xF8, 0x1F, 
  0xF8, 0x1F, 0xF8, 0x1F, 0xF8, 0x1F, 0xF8, 0x1F, 0xF8, 0x1F, 0xF8, 0x1F, 
  0xF8, 0x1F, 0xF8, 0x1F, 0xF8, 0x1F, 0xF8, 0x1F, 0xF8, 0x01, 0xFF, 0xC0, 
  0x1F, 0xFE, 0x01, 0xFF, 0xF0, 0x1F, 0xFF, 0x01, 0xFF, 0xF8, 0x1F, 0xFF, 
  0xC1, 0xFF, 0xFC, 0x1F, 0xFF, 0xE1, 0xFF, 0xBF, 0x1F, 0xF9, 0xF9, 0xFF, 
  0x9F, 0x9F, 0xF8, 0xFD, 0xFF, 0x87, 0xFF, 0xF8, 0x3F, 0xFF, 0x83, 0xFF, 
  0xF8, 0x1F, 0xFF, 0x80, 0xFF, 0xF8, 0x0F, 0xFF, 0x80, 0x7F, 0xF8, 0x03, 
  0xFF, 0x80, 0x1F, 0x00, 0x00, 0x00, 0x06, 0x00, 0x01, 0xF0, 0x00, 0x1F, 
  0x80, 0x00, 0xF8, 0x00, 0x07, 0x80, 0x00, 0x70, 0x00, 0x1F, 0x00, 0x01, 
  0xC0, 0x00, 0xF9, 0xFC, 0xFB, 0xFE, 0xFF, 0xFE, 0xFF, 0xFF, 0xFE, 0x3F, 
  0xFC, 0x1F, 0xF8, 0x1F, 0xF8, 0x1F, 0xF8, 0x1F, 0xF8, 0x1F, 0xF8, 0x1F, 
  0xF8, 0x1F, 0xF8, 0x1F, 0xF8, 0x1F, 0xF8, 0x1F, 0xF8, 0x1F, 0xF8, 0x1F, 
  0x00, 0x00, 0x01, 0x80, 0x03, 0xE0, 0x07, 0xE0, 0x03, 0xE0, 0x01, 0xE0, 
  0x01, 0xE0, 0x07, 0xC0, 0x03, 0x00, 0x07, 0x0E, 0x00, 0xFF, 0xF0, 0x07, 
  0xFC, 0x00, 0x1F, 0x80, 0x00, 0xF0, 0x00, 0x00, 0x00, 0x00, 0x00, 0x0F, 
  0x80, 0x1F, 0xFC, 0x01, 0xFF, 0xE0, 0x1F, 0xFF, 0x01, 0xFF, 0xF0, 0x1F, 
  0xFF, 0x81, 0xFF, 0xFC, 0x1F, 0xFF, 0xC1, 0xFF, 0xFE, 0x1F, 0xFB, 0xF1, 
  0xFF, 0x9F, 0x9F, 0xF9, 0xF9, 0xFF, 0x8F, 0xDF, 0xF8, 0x7F, 0xFF, 0x83, 
  0xFF, 0xF8, 0x3F, 0xFF, 0x81, 0xFF, 0xF8, 0x0F, 0xFF, 0x80, 0xFF, 0xF8, 
  0x07, 0xFF, 0x80, 0x3F, 0xF8, 0x01, 0xF0, 0x0C, 0x04, 0x1E, 0x1E, 0x0F, 
  0xFC, 0x07, 0xF8, 0x03, 0xF0, 0x01, 0xE0, 0x00, 0x00, 0x00, 0x00, 0xF9, 
  0xFC, 0xFB, 0xFE, 0xFF, 0xFE, 0xFF, 0xFF, 0xFE, 0x3F, 0xFC, 0x1F, 0xF8, 
  0x1F, 0xF8, 0x1F, 0xF8, 0x1F, 0xF8, 0x1F, 0xF8, 0x1F, 0xF8, 0x1F, 0xF8, 
  0x1F, 0xF8, 0x1F, 0xF8, 0x1F, 0xF8, 0x1F, 0xF8, 0x1F, 0x7C, 0x00, 0x01, 
  0xE0, 0x00, 0x0F, 0x80, 0x00, 0x3E, 0x00, 0x00, 0xF0, 0x00, 0x03, 0xCF, 
  0x9F, 0xCF, 0x3E, 0xFF, 0xB8, 0xFF, 0xFF, 0x03, 0xFF, 0xFC, 0x0F, 0xE3, 
  0xF0, 0x3F, 0x07, 0xC0, 0xFC, 0x1F, 0x03, 0xF0, 0x7C, 0x0F, 0xC1, 0xF0, 
  0x3F, 0x07, 0xC0, 0xFC, 0x1F, 0x03, 0xF0, 0x7C, 0x0F, 0xC1, 0xF0, 0x3F, 
  0x07, 0xC0, 0xFC, 0x1F, 0x03, 0xF0, 0x7C, 0x0F, 0xC1, 0xF0, 0xF8, 0x01, 
  0xFF, 0xC0, 0x1F, 0xFE, 0x01, 0xFF, 0xF0, 0x1F, 0xFF, 0x01, 0xFF, 0xF8, 
  0x1F, 0xFF, 0xC1, 0xFF, 0xFE, 0x1F, 0xFF, 0xE1, 0xFF, 0xBF, 0x1F, 0xF9, 
  0xF9, 0xFF, 0x9F, 0x9F, 0xF8, 0xFD, 0xFF, 0x87, 0xFF, 0xF8, 0x3F, 0xFF, 
  0x83, 0xFF, 0xF8, 0x1F, 0xFF, 0x80, 0xFF, 0xF8, 0x0F, 0xFF, 0x80, 0x7F, 
  0xF8, 0x03, 0xFF, 0x80, 0x1F, 0x00, 0x01, 0xF0, 0x00, 0x3F, 0x00, 0x1F, 
  0xF0, 0x01, 0xFE, 0x00, 0x0F, 0xE0, 0x00, 0xF8, 0x00, 0x08, 0x00, 0xF9, 
  0xFC, 0xFB, 0xFE, 0xFF, 0xFE, 0xFF, 0xFF, 0xFE, 0x3F, 0xFC, 0x1F, 0xF8, 
  0x1F, 0xF8, 0x1F, 0xF8, 0x1F, 0xF8, 0x1F, 0xF8, 0x1F, 0xF8, 0x1F, 0xF8, 
  0x1F, 0xF8, 0x1F, 0xF8, 0x1F, 0xF8, 0x1F, 0xF8, 0x1F, 0x00, 0x1F, 0x00, 
  0x3F, 0x01, 0xFF, 0x00, 0xFF, 0x00, 0xFE, 0x00, 0x7C, 0x00, 0x40, 0x03, 
  0xFF, 0xC0, 0x03, 0xFF, 0xC0, 0x03, 0xFF, 0xC0, 0x00, 0x00, 0x00, 0x00, 
  0x00, 0x00, 0x00, 0x7E, 0x00, 0x03, 0xFF, 0xC0, 0x07, 0xFF, 0xE0, 0x0F, 
  0xFF, 0xF0, 0x1F, 0xFF, 0xF8, 0x3F, 0xE7, 0xFC, 0x7F, 0x00, 0xFC, 0x7E, 
  0x00, 0x7E, 0x7E, 0x00, 0x7E, 0x7C, 0x00, 0x3E, 0xFC, 0x00, 0x3F, 0xFC, 
  0x00, 0x3F, 0xFC, 0x00, 0x3F, 0xFC, 0x00, 0x3E, 0x7C, 0x00, 0x7E, 0x7E, 
  0x00, 0x7E, 0x7F, 0x00, 0xFE, 0x3F, 0x81, 0xFC, 0x3F, 0xFF, 0xFC, 0x1F, 
  0xFF, 0xF8, 0x0F, 0xFF, 0xF0, 0x07, 0xFF, 0xC0, 0x01, 0xFF, 0x80, 0x0F, 
  0xFE, 0x03, 0xFF, 0x80, 0xFF, 0xE0, 0x3F, 0xF8, 0x00, 0x00, 0x00, 0x00, 
  0x00, 0x00, 0x00, 0x1F, 0xE0, 0x1F, 0xFE, 0x0F, 0xFF, 0xC3, 0xFF, 0xF9, 
  0xF8, 0x7F, 0x7C, 0x0F, 0xFF, 0x01, 0xFF, 0x80, 0x7F, 0xE0, 0x1F, 0xF8, 
  0x07, 0xFF, 0x01, 0xF7, 0xC0, 0xFD, 0xFC, 0x7F, 0x3F, 0xFF, 0x8F, 0xFF, 
  0xC1, 0xFF, 0xE0, 0x1F, 0xE0, 0x03, 0xC3, 0xC0, 0x01, 0xFF, 0x80, 0x01, 
  0xFF, 0x80, 0x00, 0xFF, 0x00, 0x00, 0x3C, 0x00, 0x00, 0x00, 0x00, 0x00, 
  0x7E, 0x00, 0x03, 0xFF, 0xC0, 0x07, 0xFF, 0xE0, 0x0F, 0xFF, 0xF0, 0x1F, 
  0xFF, 0xF8, 0x3F, 0xE7, 0xFC, 0x7F, 0x00, 0xFC, 0x7E, 0x00, 0x7E, 0x7E, 
  0x00, 0x7E, 0x7C, 0x00, 0x3E, 0xFC, 0x00, 0x3F, 0xFC, 0x00, 0x3F, 0xFC, 
  0x00, 0x3F, 0xFC, 0x00, 0x3E, 0x7C, 0x00, 0x7E, 0x7E, 0x00, 0x7E, 0x7F, 
  0x00, 0xFE, 0x3F, 0x81, 0xFC, 0x3F, 0xFF, 0xFC, 0x1F, 0xFF, 0xF8, 0x0F, 
  0xFF, 0xF0, 0x07, 0xFF, 0xC0, 0x01, 0xFF, 0x80, 0x02, 0x10, 0x03, 0x87, 
  0x80, 0xFB, 0xC0, 0x1F, 0xF0, 0x07, 0xF8, 0x00, 0x7C, 0x00, 0x00, 0x00, 
  0x00, 0x00, 0x07, 0xF8, 0x07, 0xFF, 0x83, 0xFF, 0xF0, 0xFF, 0xFE, 0x7E, 
  0x1F, 0xDF, 0x03, 0xFF, 0xC0, 0x7F, 0xE0, 0x1F, 0xF8, 0x07, 0xFE, 0x01, 
  0xFF, 0xC0, 0x7D, 0xF0, 0x3F, 0x7F, 0x1F, 0xCF, 0xFF, 0xE3, 0xFF, 0xF0, 
  0x7F, 0xF8, 0x07, 0xF8, 0x00, 0x00, 0x10, 0x20, 0x00, 0x30, 0x70, 0x00, 
  0x78, 0xF0, 0x00, 0xFD, 0xF8, 0x03, 0xF3, 0xE0, 0x01, 0xC3, 0xC0, 0x00, 
  0x81, 0x00, 0x00, 0x00, 0x00, 0x00, 0x7E, 0x00, 0x03, 0xFF, 0xC0, 0x07, 
  0xFF, 0xE0, 0x0F, 0xFF, 0xF0, 0x1F, 0xFF, 0xF8, 0x3F, 0xE7, 0xFC, 0x7F, 
  0x00, 0xFC, 0x7E, 0x00, 0x7E, 0x7E, 0x00, 0x7E, 0x7C, 0x00, 0x3E, 0xFC, 
  0x00, 0x3F, 0xFC, 0x00, 0x3F, 0xFC, 0x00, 0x3F, 0xFC, 0x00, 0x3E, 0x7C, 
  0x00, 0x7E, 0x7E, 0x00, 0x7E, 0x7F, 0x00, 0xFE, 0x3F, 0x81, 0xFC, 0x3F, 
  0xFF, 0xFC, 0x1F, 0xFF, 0xF8, 0x0F, 0xFF, 0xF0, 0x07, 0xFF, 0xC0, 0x01, 
  0xFF, 0x80, 0x02, 0x04, 0x00, 0xC3, 0x80, 0x7C, 0xF0, 0x3E, 0x7C, 0x1F, 
  0x3E, 0x0F, 0x1E, 0x01, 0x83, 0x00, 0x00, 0x00, 0x00, 0x00, 0x01, 0xFE, 
  0x01, 0xFF, 0xE0, 0xFF, 0xFC, 0x3F, 0xFF, 0x9F, 0x87, 0xF7, 0xC0, 0xFF, 
  0xF0, 0x1F, 0xF8, 0x07, 0xFE, 0x01, 0xFF, 0x80, 0x7F, 0xF0, 0x1F, 0x7C, 
  0x0F, 0xDF, 0xC7, 0xF3, 0xFF, 0xF8, 0xFF, 0xFC, 0x1F, 0xFE, 0x01, 0xFE, 
  0x00, 0x01, 0xFF, 0xFF, 0xFF, 0x07, 0xFF, 0xFF, 0xFF, 0x0F, 0xFF, 0xFF, 
  0xFF, 0x1F, 0xFF, 0xFF, 0xFF, 0x3F, 0xE0, 0xF8, 0x00, 0x7F, 0x00, 0xF8, 
  0x00, 0x7E, 0x00, 0xF8, 0x00, 0x7E, 0x00, 0xF8, 0x00, 0x7C, 0x00, 0xFF, 
  0xFC, 0xFC, 0x00, 0xFF, 0xFC, 0xFC, 0x00, 0xFF, 0xFC, 0xFC, 0x00, 0xFF, 
  0xFC, 0xFC, 0x00, 0xFF, 0xFC, 0x7C, 0x00, 0xF8, 0x00, 0x7E, 0x00, 0xF8, 
  0x00, 0x7E, 0x00, 0xF8, 0x00, 0x3F, 0x80, 0xF8, 0x00, 0x3F, 0xFF, 0xFF, 
  0xFF, 0x1F, 0xFF, 0xFF, 0xFF, 0x0F, 0xFF, 0xFF, 0xFF, 0x07, 0xFF, 0xFF, 
  0xFF, 0x01, 0xFF, 0xFF, 0xFF, 0x07, 0xF8, 0x3F, 0xC0, 0x7F, 0xF9, 0xFF, 
  0x83, 0xFF, 0xFF, 0xFF, 0x0F, 0xFF, 0xFF, 0xFE, 0x7E, 0x1F, 0xF0, 0xF9, 
  0xF0, 0x3F, 0x81, 0xFF, 0xC0, 0x7C, 0x07, 0xFE, 0x01, 0xFF, 0xFF, 0xF8, 
  0x07, 0xFF, 0xFF, 0xE0, 0x1F, 0xFF, 0xFF, 0xC0, 0x7E, 0x00, 0x1F, 0x03, 
  0xF8, 0x08, 0x7F, 0x1F, 0xF8, 0x70, 0xFF, 0xFF, 0xFF, 0xC3, 0xFF, 0xFF, 
  0xFF, 0x87, 0xFF, 0x9F, 0xFE, 0x07, 0xF8, 0x1F, 0xE0, 0x00, 0x60, 0x00, 
  0x78, 0x00, 0x7F, 0x00, 0x3F, 0xC0, 0x0F, 0x80, 0x01, 0x00, 0x00, 0x00, 
  0x00, 0x00, 0x00, 0xFF, 0xFC, 0x3F, 0xFF, 0x8F, 0xFF, 0xF3, 0xFF, 0xFE, 
  0xF8, 0x1F, 0xBE, 0x03, 0xEF, 0x80, 0xFF, 0xE0, 0x3E, 0xF8, 0x0F, 0xBE, 
  0x07, 0xEF, 0xFF, 0xFB, 0xFF, 0xFC, 0xFF, 0xFE, 0x3F, 0xFF, 0x0F, 0x8F, 
  0xC3, 0xE1, 0xF8, 0xF8, 0x7E, 0x3E, 0x0F, 0xCF, 0x83, 0xF3, 0xE0, 0x7E, 
  0xF8, 0x1F, 0xFE, 0x03, 0xF0, 0x00, 0x80, 0x18, 0x03, 0xC0, 0xFC, 0x1F, 
  0x83, 0xE0, 0x18, 0x00, 0x00, 0x00, 0x0F, 0x9F, 0xFB, 0xFF, 0xFF, 0xFF, 
  0xEF, 0xFE, 0xFE, 0x2F, 0xC0, 0xFC, 0x0F, 0x80, 0xF8, 0x0F, 0x80, 0xF8, 
  0x0F, 0x80, 0xF8, 0x0F, 0x80, 0xF8, 0x0F, 0x80, 0xFF, 0xFC, 0x3F, 0xFF, 
  0x8F, 0xFF, 0xF3, 0xFF, 0xFE, 0xF8, 0x1F, 0xBE, 0x03, 0xEF, 0x80, 0xFF, 
  0xE0, 0x3E, 0xF8, 0x0F, 0xBE, 0x07, 0xEF, 0xFF, 0xFB, 0xFF, 0xFC, 0xFF, 
  0xFE, 0x3F, 0xFF, 0x0F, 0x8F, 0xC3, 0xE1, 0xF8, 0xF8, 0x7E, 0x3E, 0x0F, 
  0xCF, 0x83, 0xF3, 0xE0, 0x7E, 0xF8, 0x1F, 0xFE, 0x03, 0xF0, 0x00, 0x00, 
  0x06, 0x00, 0x03, 0xE0, 0x01, 0xF8, 0x00, 0x3E, 0x00, 0x07, 0x80, 0x01, 
  0xE0, 0x01, 0xF0, 0x00, 0x38, 0x00, 0xF9, 0xFF, 0xBF, 0xFF, 0xFF, 0xFE, 
  0xFF, 0xEF, 0xE2, 0xFC, 0x0F, 0xC0, 0xF8, 0x0F, 0x80, 0xF8, 0x0F, 0x80, 
  0xF8, 0x0F, 0x80, 0xF8, 0x0F, 0x80, 0xF8, 0x00, 0x00, 0x70, 0x0F, 0x80, 
  0xFC, 0x0F, 0xC0, 0x3C, 0x03, 0x80, 0xF0, 0x0E, 0x00, 0x18, 0x38, 0x0F, 
  0xBE, 0x01, 0xFF, 0x00, 0x3F, 0x80, 0x03, 0xC0, 0x00, 0x00, 0x00, 0x00, 
  0x03, 0xFF, 0xF0, 0xFF, 0xFE, 0x3F, 0xFF, 0xCF, 0xFF, 0xFB, 0xE0, 0x7E, 
  0xF8, 0x0F, 0xBE, 0x03, 0xFF, 0x80, 0xFB, 0xE0, 0x3E, 0xF8, 0x1F, 0xBF, 
  0xFF, 0xEF, 0xFF, 0xF3, 0xFF, 0xF8, 0xFF, 0xFC, 0x3E, 0x3F, 0x0F, 0x87, 
  0xE3, 0xE1, 0xF8, 0xF8, 0x3F, 0x3E, 0x0F, 0xCF, 0x81, 0xFB, 0xE0, 0x7F, 
  0xF8, 0x0F, 0xC0, 0x20, 0x2F, 0x8F, 0x7F, 0xE3, 0xFC, 0x1F, 0x80, 0x70, 
  0x00, 0x00, 0x00, 0xF9, 0xFF, 0xBF, 0xFF, 0xFF, 0xFE, 0xFF, 0xEF, 0xE2, 
  0xFC, 0x0F, 0xC0, 0xF8, 0x0F, 0x80, 0xF8, 0x0F, 0x80, 0xF8, 0x0F, 0x80, 
  0xF8, 0x0F, 0x80, 0xF8, 0x00, 0x00, 0x18, 0x00, 0x1E, 0x00, 0x1F, 0xC0, 
  0x0F, 0xF0, 0x03, 0xE0, 0x00, 0x40, 0x00, 0x00, 0x00, 0x0F, 0xE0, 0x0F, 
  0xFE, 0x07, 0xFF, 0xC3, 0xFF, 0xFD, 0xFF, 0xFE, 0x7E, 0x0F, 0x1F, 0x00, 
  0x87, 0xE0, 0x01, 0xFC, 0x00, 0x7F, 0xF0, 0x0F, 0xFF, 0x01, 0xFF, 0xF0, 
  0x3F, 0xFE, 0x03, 0xFF, 0x80, 0x0F, 0xF2, 0x00, 0xFC, 0xC0, 0x3F, 0x78, 
  0x0F, 0xFF, 0xC7, 0xFF, 0xFF, 0xF9, 0xFF, 0xFC, 0x3F, 0xFE, 0x03, 0xFF, 
  0x00, 0x00, 0x80, 0x06, 0x00, 0x3C, 0x01, 0xF8, 0x0F, 0xC0, 0x7C, 0x00, 
  0xC0, 0x00, 0x00, 0x00, 0x00, 0x7F, 0x83, 0xFF, 0x9F, 0xFF, 0xFC, 0xFB, 
  0xE0, 0xCF, 0xC0, 0x3F, 0xC0, 0x7F, 0xE0, 0xFF, 0xE1, 0xFF, 0x80, 0xFF, 
  0x00, 0x7C, 0xC1, 0xF7, 0xEF, 0xFF, 0xFE, 0x7F, 0xF0, 0x7F, 0x80, 0x01, 
  0xF0, 0x00, 0xFE, 0x00, 0xFF, 0xE0, 0x3C, 0x78, 0x04, 0x04, 0x00, 0x00, 
  0x00, 0x3F, 0x80, 0x3F, 0xF8, 0x1F, 0xFF, 0x0F, 0xFF, 0xF7, 0xFF, 0xF9, 
  0xF8, 0x3C, 0x7C, 0x02, 0x1F, 0x80, 0x07, 0xF0, 0x01, 0xFF, 0xC0, 0x3F, 
  0xFC, 0x07, 0xFF, 0xC0, 0xFF, 0xF8, 0x0F, 0xFE, 0x00, 0x3F, 0xC8, 0x03, 
  0xF3, 0x00, 0xFD, 0xE0, 0x3F, 0xFF, 0x1F, 0xFF, 0xFF, 0xE7, 0xFF, 0xF0, 
  0xFF, 0xF8, 0x0F, 0xFC, 0x00, 0x07, 0x80, 0x3F, 0x01, 0xFE, 0x0F, 0xFC, 
  0x78, 0x78, 0x80, 0xC0, 0x00, 0x00, 0x00, 0x1F, 0xE0, 0xFF, 0xE7, 0xFF, 
  0xFF, 0x3E, 0xF8, 0x33, 0xF0, 0x0F, 0xF0, 0x1F, 0xF8, 0x3F, 0xF8, 0x7F, 
  0xE0, 0x3F, 0xC0, 0x1F, 0x30, 0x7D, 0xFB, 0xFF, 0xFF, 0x9F, 0xFC, 0x1F, 
  0xE0, 0x03, 0xF8, 0x03, 0xFF, 0x81, 0xFF, 0xF0, 0xFF, 0xFF, 0x7F, 0xFF, 
  0x9F, 0x83, 0xC7, 0xC0, 0x21, 0xF8, 0x00, 0x7F, 0x00, 0x1F, 0xFC, 0x03, 
  0xFF, 0xC0, 0x7F, 0xFC, 0x0F, 0xFF, 0x80, 0xFF, 0xE0, 0x03, 0xFC, 0x80, 
  0x3F, 0x30, 0x0F, 0xDE, 0x03, 0xFF, 0xF1, 0xFF, 0xFF, 0xFE, 0x7F, 0xFF, 
  0x0F, 0xFF, 0x80, 0xFF, 0xC0, 0x03, 0x80, 0x01, 0xC0, 0x00, 0x7E, 0x00, 
  0x07, 0x80, 0x01, 0xE0, 0x03, 0xF8, 0x00, 0xFC, 0x00, 0x1C, 0x00, 0x1F, 
  0xE0, 0xFF, 0xE7, 0xFF, 0xFF, 0x3E, 0xF8, 0x33, 0xF0, 0x0F, 0xF0, 0x1F, 
  0xF8, 0x3F, 0xF8, 0x7F, 0xE0, 0x3F, 0xC0, 0x1F, 0x30, 0x7D, 0xFB, 0xFF, 
  0xFF, 0x9F, 0xFC, 0x1F, 0xE0, 0x1C, 0x00, 0x70, 0x03, 0xF0, 0x03, 0xC0, 
  0x07, 0x80, 0xFC, 0x03, 0xE0, 0x0E, 0x00, 0x06, 0x0E, 0x03, 0xEF, 0x80, 
  0x7F, 0xC0, 0x0F, 0xE0, 0x00, 0xF0, 0x00, 0x00, 0x00, 0x3F, 0x80, 0x3F, 
  0xF8, 0x1F, 0xFF, 0x0F, 0xFF, 0xF7, 0xFF, 0xF9, 0xF8, 0x3C, 0x7C, 0x02, 
  0x1F, 0x80, 0x07, 0xF0, 0x01, 0xFF, 0xC0, 0x3F, 0xFC, 0x07, 0xFF, 0xC0, 
  0xFF, 0xF8, 0x0F, 0xFE, 0x00, 0x3F, 0xC8, 0x03, 0xF3, 0x00, 0xFD, 0xE0, 
  0x3F, 0xFF, 0x1F, 0xFF, 0xFF, 0xE7, 0xFF, 0xF0, 0xFF, 0xF8, 0x0F, 0xFC, 
  0x00, 0x30, 0x31, 0xE1, 0xE3, 0xFF, 0x07, 0xF8, 0x0F, 0xC0, 0x1E, 0x00, 
  0x00, 0x00, 0x00, 0x1F, 0xE0, 0xFF, 0xE7, 0xFF, 0xFF, 0x3E, 0xF8, 0x33, 
  0xF0, 0x0F, 0xF0, 0x1F, 0xF8, 0x3F, 0xF8, 0x7F, 0xE0, 0x3F, 0xC0, 0x1F, 
  0x30, 0x7D, 0xFB, 0xFF, 0xFF, 0x9F, 0xFC, 0x1F, 0xE0, 0xFF, 0xFF, 0xFF, 
  0xFF, 0xFF, 0xFF, 0xFF, 0xFF, 0xFF, 0xF0, 0x1F, 0x00, 0x03, 0xE0, 0x00, 
  0x7C, 0x00, 0x0F, 0x80, 0x01, 0xF0, 0x00, 0x3E, 0x00, 0x07, 0xC0, 0x00, 
  0xF8, 0x00, 0x1F, 0x00, 0x03, 0xE0, 0x00, 0x7C, 0x00, 0x0F, 0x80, 0x01, 
  0xF0, 0x00, 0x3E, 0x00, 0x07, 0xC0, 0x00, 0xF8, 0x00, 0x1F, 0x00, 0x03, 
  0xE0, 0x00, 0x30, 0x00, 0x0E, 0x00, 0x03, 0xF0, 0x00, 0x1F, 0x00, 0x01, 
  0xE0, 0x01, 0xFC, 0x00, 0x3F, 0x00, 0x07, 0x80, 0x00, 0x1F, 0x03, 0xE0, 
  0x7C, 0x0F, 0x8F, 0xFF, 0xFF, 0xFF, 0xFF, 0xFF, 0x1F, 0x03, 0xE0, 0x7C, 
  0x0F, 0x81, 0xF0, 0x3E, 0x07, 0xC0, 0xF8, 0x1F, 0x03, 0xE0, 0x7C, 0x0F, 
  0x81, 0xF0, 0x18, 0x07, 0x01, 0xF8, 0x0F, 0x80, 0xF0, 0xFE, 0x1F, 0x83, 
  0xC0, 0x0E, 0x0E, 0x01, 0xF7, 0xC0, 0x1F, 0xF0, 0x01, 0xFC, 0x00, 0x0E, 
  0x00, 0x00, 0x00, 0x00, 0x00, 0x07, 0xFF, 0xFF, 0xFF, 0xFF, 0xFF, 0xFF, 
  0xFF, 0xFF, 0xFF, 0x80, 0xF8, 0x00, 0x1F, 0x00, 0x03, 0xE0, 0x00, 0x7C, 
  0x00, 0x0F, 0x80, 0x01, 0xF0, 0x00, 0x3E, 0x00, 0x07, 0xC0, 0x00, 0xF8, 
  0x00, 0x1F, 0x00, 0x03, 0xE0, 0x00, 0x7C, 0x00, 0x0F, 0x80, 0x01, 0xF0, 
  0x00, 0x3E, 0x00, 0x07, 0xC0, 0x00, 0xF8, 0x00, 0x1F, 0x00, 0x00, 0x3C, 
  0x00, 0xFC, 0x01, 0xF8, 0x01, 0xF0, 0x01, 0xE3, 0xE7, 0x87, 0xDE, 0x0F, 
  0x90, 0x1F, 0x01, 0xFF, 0xC3, 0xFF, 0x87, 0xFF, 0x0F, 0xFE, 0x03, 0xE0, 
  0x07, 0xC0, 0x0F, 0x80, 0x1F, 0x00, 0x3E, 0x00, 0x7C, 0x00, 0xF8, 0x01, 
  0xF0, 0x03, 0xE0, 0x07, 0xC0, 0x0F, 0x80, 0x1F, 0x00, 0x3E, 0x00, 0xFF, 
  0xFF, 0xFF, 0xFF, 0xFF, 0xFF, 0xFF, 0xFF, 0xFF, 0xF0, 0x1F, 0x00, 0x03, 
  0xE0, 0x00, 0x7C, 0x00, 0x0F, 0x80, 0x01, 0xF0, 0x01, 0xFF, 0xC0, 0x3F, 
  0xF8, 0x07, 0xFF, 0x00, 0xFF, 0xE0, 0x03, 0xE0, 0x00, 0x7C, 0x00, 0x0F, 
  0x80, 0x01, 0xF0, 0x00, 0x3E, 0x00, 0x07, 0xC0, 0x00, 0xF8, 0x00, 0x1F, 
  0x00, 0x03, 0xE0, 0x00, 0x1F, 0x03, 0xE0, 0x7C, 0x0F, 0x8F, 0xFF, 0xFF, 
  0xFF, 0xFF, 0xFF, 0x1F, 0x03, 0xE0, 0x7C, 0x7F, 0xFF, 0xFF, 0xFF, 0xFF, 
  0xF8, 0xF8, 0x1F, 0x03, 0xE0, 0x7C, 0x0F, 0x81, 0xF0, 0x07, 0xCE, 0x01, 
  0xFF, 0xC0, 0x7F, 0xF8, 0x0F, 0x3E, 0x00, 0x00, 0x00, 0x00, 0x00, 0x00, 
  0x00, 0x07, 0xC0, 0x1F, 0xF8, 0x03, 0xFF, 0x00, 0x7F, 0xE0, 0x0F, 0xFC, 
  0x01, 0xFF, 0x80, 0x3F, 0xF0, 0x07, 0xFE, 0x00, 0xFF, 0xC0, 0x1F, 0xF8, 
  0x03, 0xFF, 0x00, 0x7F, 0xE0, 0x0F, 0xFC, 0x01, 0xFF, 0x80, 0x7F, 0xF0, 
  0x0F, 0xFF, 0x01, 0xFF, 0xF0, 0x7E, 0x7F, 0xFF, 0xCF, 0xFF, 0xF0, 0xFF, 
  0xFC, 0x0F, 0xFF, 0x00, 0x7F, 0x80, 0x0F, 0x9C, 0x1F, 0xFC, 0x1F, 0xFC, 
  0x3C, 0xF8, 0x00, 0x20, 0x00, 0x00, 0x00, 0x00, 0xF8, 0x1F, 0xF8, 0x1F, 
  0xF8, 0x1F, 0xF8, 0x1F, 0xF8, 0x1F, 0xF8, 0x1F, 0xF8, 0x1F, 0xF8, 0x1F, 
  0xF8, 0x1F, 0xF8, 0x1F, 0xF8, 0x1F, 0xFC, 0x1F, 0xFC, 0x3F, 0x7F, 0xFF, 
  0x7F, 0xFF, 0x3F, 0xFF, 0x1F, 0x9F, 0x1F, 0xFE, 0x03, 0xFF, 0xC0, 0x7F, 
  0xF8, 0x00, 0x00, 0x00, 0x00, 0x00, 0x00, 0x00, 0x3E, 0x00, 0xFF, 0xC0, 
  0x1F, 0xF8, 0x03, 0xFF, 0x00, 0x7F, 0xE0, 0x0F, 0xFC, 0x01, 0xFF, 0x80, 
  0x3F, 0xF0, 0x07, 0xFE, 0x00, 0xFF, 0xC0, 0x1F, 0xF8, 0x03, 0xFF, 0x00, 
  0x7F, 0xE0, 0x0F, 0xFC, 0x03, 0xFF, 0x80, 0x7F, 0xF8, 0x0F, 0xFF, 0x83, 
  0xF3, 0xFF, 0xFE, 0x7F, 0xFF, 0x87, 0xFF, 0xE0, 0x7F, 0xF8, 0x03, 0xFC, 
  0x00, 0x1F, 0xFC, 0x1F, 0xFC, 0x1F, 0xFC, 0x1F, 0xFC, 0x00, 0x00, 0x00, 
  0x00, 0x00, 0x00, 0xF8, 0x1F, 0xF8, 0x1F, 0xF8, 0x1F, 0xF8, 0x1F, 0xF8, 
  0x1F, 0xF8, 0x1F, 0xF8, 0x1F, 0xF8, 0x1F, 0xF8, 0x1F, 0xF8, 0x1F, 0xF8, 
  0x1F, 0xFC, 0x1F, 0xFC, 0x3F, 0x7F, 0xFF, 0x7F, 0xFF, 0x3F, 0xFF, 0x1F, 
  0x9F, 0x0E, 0x1E, 0x01, 0xFF, 0x80, 0x1F, 0xF0, 0x01, 0xFC, 0x00, 0x1E, 
  0x00, 0x00, 0x00, 0x00, 0x00, 0x07, 0xC0, 0x1F, 0xF8, 0x03, 0xFF, 0x00, 
  0x7F, 0xE0, 0x0F, 0xFC, 0x01, 0xFF, 0x80, 0x3F, 0xF0, 0x07, 0xFE, 0x00, 
  0xFF, 0xC0, 0x1F, 0xF8, 0x03, 0xFF, 0x00, 0x7F, 0xE0, 0x0F, 0xFC, 0x01, 
  0xFF, 0x80, 0x7F, 0xF0, 0x0F, 0xFF, 0x01, 0xFF, 0xF0, 0x7E, 0x7F, 0xFF, 
  0xCF, 0xFF, 0xF0, 0xFF, 0xFC, 0x0F, 0xFF, 0x00, 0x7F, 0x80, 0x04, 0x20, 
  0x1C, 0x3C, 0x1F, 0x78, 0x0F, 0xF8, 0x0F, 0xF0, 0x03, 0xE0, 0x00, 0x00, 
  0x00, 0x00, 0xF8, 0x1F, 0xF8, 0x1F, 0xF8, 0x1F, 0xF8, 0x1F, 0xF8, 0x1F, 
  0xF8, 0x1F, 0xF8, 0x1F, 0xF8, 0x1F, 0xF8, 0x1F, 0xF8, 0x1F, 0xF8, 0x1F, 
  0xFC, 0x1F, 0xFC, 0x3F, 0x7F, 0xFF, 0x7F, 0xFF, 0x3F, 0xFF, 0x1F, 0x9F, 
  0x00, 0x40, 0x00, 0x7E, 0x00, 0x0F, 0xE0, 0x03, 0xDC, 0x00, 0x71, 0x80, 
  0x0E, 0x70, 0x00, 0xFE, 0x00, 0x1F, 0x80, 0xF8, 0x03, 0xFF, 0x00, 0x7F, 
  0xE0, 0x0F, 0xFC, 0x01, 0xFF, 0x80, 0x3F, 0xF0, 0x07, 0xFE, 0x00, 0xFF, 
  0xC0, 0x1F, 0xF8, 0x03, 0xFF, 0x00, 0x7F, 0xE0, 0x0F, 0xFC, 0x01, 0xFF, 
  0x80, 0x3F, 0xF0, 0x0F, 0xFE, 0x01, 0xFF, 0xE0, 0x3F, 0xFE, 0x0F, 0xCF, 
  0xFF, 0xF9, 0xFF, 0xFE, 0x1F, 0xFF, 0x81, 0xFF, 0xE0, 0x0F, 0xF0, 0x00, 
  0x01, 0x80, 0x03, 0xE0, 0x07, 0xF0, 0x0E, 0x70, 0x0E, 0x70, 0x07, 0xF0, 
  0x07, 0xE0, 0x01, 0xC0, 0x00, 0x00, 0x00, 0x00, 0xF8, 0x1F, 0xF8, 0x1F, 
  0xF8, 0x1F, 0xF8, 0x1F, 0xF8, 0x1F, 0xF8, 0x1F, 0xF8, 0x1F, 0xF8, 0x1F, 
  0xF8, 0x1F, 0xF8, 0x1F, 0xF8, 0x1F, 0xFC, 0x1F, 0xFC, 0x3F, 0x7F, 0xFF, 
  0x7F, 0xFF, 0x3F, 0xFF, 0x1F, 0x9F, 0x00, 0x81, 0x00, 0x38, 0x70, 0x0F, 
  0x1F, 0x03, 0xF7, 0xE0, 0xF9, 0xF8, 0x1E, 0x3C, 0x01, 0x02, 0x00, 0x00, 
  0x00, 0x00, 0x00, 0x1F, 0x00, 0x7F, 0xE0, 0x0F, 0xFC, 0x01, 0xFF, 0x80, 
  0x3F, 0xF0, 0x07, 0xFE, 0x00, 0xFF, 0xC0, 0x1F, 0xF8, 0x03, 0xFF, 0x00, 
  0x7F, 0xE0, 0x0F, 0xFC, 0x01, 0xFF, 0x80, 0x3F, 0xF0, 0x07, 0xFE, 0x01, 
  0xFF, 0xC0, 0x3F, 0xFC, 0x07, 0xFF, 0xC1, 0xF9, 0xFF, 0xFF, 0x3F, 0xFF, 
  0xC3, 0xFF, 0xF0, 0x3F, 0xFC, 0x01, 0xFE, 0x00, 0x04, 0x08, 0x06, 0x1C, 
  0x0F, 0x9E, 0x1F, 0x3F, 0x3E, 0x7C, 0x7C, 0xF0, 0x30, 0x60, 0x00, 0x00, 
  0x00, 0x00, 0xF8, 0x1F, 0xF8, 0x1F, 0xF8, 0x1F, 0xF8, 0x1F, 0xF8, 0x1F, 
  0xF8, 0x1F, 0xF8, 0x1F, 0xF8, 0x1F, 0xF8, 0x1F, 0xF8, 0x1F, 0xF8, 0x1F, 
  0xFC, 0x1F, 0xFC, 0x3F, 0x7F, 0xFF, 0x7F, 0xFF, 0x3F, 0xFF, 0x1F, 0x9F, 
  0xF8, 0x03, 0xFF, 0x00, 0x7F, 0xE0, 0x0F, 0xFC, 0x01, 0xFF, 0x80, 0x3F, 
  0xF0, 0x07, 0xFE, 0x00, 0xFF, 0xC0, 0x1F, 0xF8, 0x03, 0xFF, 0x00, 0x7F, 
  0xE0, 0x0F, 0xFC, 0x01, 0xFF, 0x80, 0x3F, 0xF0, 0x0F, 0xFE, 0x01, 0xFF, 
  0xE0, 0x3F, 0xFE, 0x0F, 0xCF, 0xFF, 0xF9, 0xFF, 0xFE, 0x1F, 0xFF, 0x81, 
  0xFF, 0xE0, 0x0F, 0xF8, 0x00, 0x1C, 0x00, 0x07, 0x80, 0x00, 0xE0, 0x00, 
  0x1F, 0xC0, 0x03, 0xFC, 0x00, 0x3F, 0x00, 0x03, 0x80, 0xF8, 0x1F, 0xF8, 
  0x1F, 0xF8, 0x1F, 0xF8, 0x1F, 0xF8, 0x1F, 0xF8, 0x1F, 0xF8, 0x1F, 0xF8, 
  0x1F, 0xF8, 0x1F, 0xF8, 0x1F, 0xF8, 0x1F, 0xFC, 0x1F, 0xFC, 0x3F, 0x7F, 
  0xFF, 0x7F, 0xFF, 0x3F, 0xFF, 0x1F, 0x9F, 0x00, 0x3C, 0x00, 0x78, 0x00, 
  0x70, 0x00, 0x7E, 0x00, 0x7F, 0x00, 0x3E, 0x00, 0x0C, 0x00, 0x07, 0xC0, 
  0x00, 0x00, 0x0F, 0xF0, 0x00, 0x00, 0x1F, 0xF8, 0x00, 0x00, 0x3E, 0x7C, 
  0x00, 0x00, 0x10, 0x10, 0x00, 0x00, 0x00, 0x00, 0x00, 0x00, 0x00, 0x00, 
  0x01, 0xFC, 0x00, 0x00, 0x3E, 0x7C, 0x00, 0x00, 0x3E, 0x7C, 0x00, 0x00, 
  0x7E, 0x7E, 0x07, 0xE0, 0x7C, 0x3E, 0x07, 0xE0, 0x7C, 0x3E, 0x07, 0xE0, 
  0x7C, 0x3F, 0x0F, 0xF0, 0xFC, 0x3F, 0x0F, 0xF0, 0xF8, 0x1F, 0x0F, 0xF0, 
  0xF8, 0x1F, 0x9F, 0xF9, 0xF8, 0x1F, 0x9F, 0xF9, 0xF0, 0x0F, 0xBE, 0xF9, 
  0xF0, 0x0F, 0xBE, 0x7D, 0xF0, 0x0F, 0xFC, 0x7F, 0xE0, 0x07, 0xFC, 0x3F, 
  0xE0, 0x07, 0xFC, 0x3F, 0xE0, 0x07, 0xF8, 0x3F, 0xE0, 0x07, 0xF8, 0x1F, 
  0xC0, 0x03, 0xF0, 0x1F, 0xC0, 0x03, 0xF0, 0x0F, 0xC0, 0x03, 0xF0, 0x0F, 
  0x80, 0x01, 0xE0, 0x07, 0x80, 0x00, 0x1E, 0x00, 0x00, 0x0F, 0xC0, 0x00, 
  0x07, 0xF8, 0x00, 0x03, 0xFF, 0x80, 0x01, 0xF1, 0xE0, 0x00, 0x10, 0x10, 
  0x00, 0x00, 0x00, 0x00, 0x00, 0x00, 0x00, 0xFC, 0x00, 0x07, 0xDF, 0x00, 
  0x03, 0xF7, 0xE0, 0xE0, 0xF8, 0xF8, 0x78, 0x3E, 0x3E, 0x1F, 0x0F, 0x8F, 
  0x8F, 0xC7, 0xC1, 0xF3, 0xF9, 0xF0, 0x7C, 0xFE, 0x7C, 0x1F, 0x7F, 0xBE, 
  0x03, 0xDE, 0xFF, 0x80, 0xFF, 0x3F, 0xE0, 0x3F, 0xC7, 0xF0, 0x0F, 0xF1, 
  0xFC, 0x01, 0xF8, 0x7F, 0x00, 0x7E, 0x0F, 0x80, 0x1F, 0x03, 0xE0, 0x03, 
  0xC0, 0x78, 0x00, 0x00, 0xFC, 0x00, 0x07, 0xF8, 0x00, 0x3F, 0xF0, 0x01, 
  0xF3, 0xE0, 0x03, 0x03, 0x00, 0x00, 0x00, 0x00, 0x00, 0x00, 0x3F, 0x80, 
  0x3F, 0x7E, 0x01, 0xF8, 0xFC, 0x0F, 0xC1, 0xF8, 0x3F, 0x07, 0xE1, 0xF8, 
  0x0F, 0xC7, 0xC0, 0x1F, 0xBF, 0x00, 0x7F, 0xF8, 0x00, 0xFF, 0xC0, 0x01, 
  0xFF, 0x00, 0x07, 0xF8, 0x00, 0x0F, 0xC0, 0x00, 0x1F, 0x00, 0x00, 0x7C, 
  0x00, 0x01, 0xF0, 0x00, 0x07, 0xC0, 0x00, 0x1F, 0x00, 0x00, 0x7C, 0x00, 
  0x01, 0xF0, 0x00, 0x07, 0xC0, 0x00, 0x1F, 0x00, 0x00, 0x7C, 0x00, 0x00, 
  0xF0, 0x00, 0x1F, 0x80, 0x03, 0xFC, 0x00, 0x7F, 0xE0, 0x0F, 0x0F, 0x00, 
  0x40, 0x60, 0x00, 0x00, 0x00, 0x00, 0x00, 0xFC, 0x03, 0xF7, 0xE0, 0x7E, 
  0x7E, 0x07, 0xE3, 0xE0, 0x7C, 0x3F, 0x0F, 0xC1, 0xF0, 0xF8, 0x1F, 0x8F, 
  0x80, 0xF9, 0xF8, 0x0F, 0xDF, 0x00, 0x7D, 0xF0, 0x07, 0xFE, 0x00, 0x7F, 
  0xE0, 0x03, 0xFC, 0x00, 0x3F, 0xC0, 0x01, 0xFC, 0x00, 0x1F, 0x80, 0x00, 
  0xF8, 0x00, 0x1F, 0x00, 0x01, 0xF0, 0x00, 0x3E, 0x00, 0x03, 0xE0, 0x00, 
  0x3E, 0x00, 0x07, 0xC0, 0x00, 0xFC, 0x00, 0x03, 0x02, 0x00, 0x1E, 0x1E, 
  0x00, 0xFC, 0xFC, 0x03, 0xF3, 0xF0, 0x07, 0xCF, 0x80, 0x1E, 0x1C, 0x00, 
  0x00, 0x00, 0x00, 0x00, 0x00, 0xFE, 0x00, 0xFD, 0xF8, 0x07, 0xE3, 0xF0, 
  0x3F, 0x07, 0xE0, 0xFC, 0x1F, 0x87, 0xE0, 0x3F, 0x1F, 0x00, 0x7E, 0xFC, 
  0x01, 0xFF, 0xE0, 0x03, 0xFF, 0x00, 0x07, 0xFC, 0x00, 0x1F, 0xE0, 0x00, 
  0x3F, 0x00, 0x00, 0x7C, 0x00, 0x01, 0xF0, 0x00, 0x07, 0xC0, 0x00, 0x1F, 
  0x00, 0x00, 0x7C, 0x00, 0x01, 0xF0, 0x00, 0x07, 0xC0, 0x00, 0x1F, 0x00, 
  0x00, 0x7C, 0x00, 0x01, 0xF0, 0x00, 0x00, 0x30, 0x00, 0x1C, 0x00, 0x1F, 
  0x80, 0x1F, 0xE0, 0x07, 0xE0, 0x00, 0xC0, 0x00, 0x00, 0x00, 0x00, 0x00, 
  0x7F, 0xFF, 0xDF, 0xFF, 0xF7, 0xFF, 0xFD, 0xFF, 0xFE, 0x7F, 0xFF, 0x80, 
  0x0F, 0xC0, 0x07, 0xE0, 0x03, 0xF0, 0x01, 0xFC, 0x00, 0x7E, 0x00, 0x3F, 
  0x00, 0x1F, 0x80, 0x0F, 0xE0, 0x03, 0xF0, 0x01, 0xF8, 0x00, 0xFC, 0x00, 
  0x7F, 0x00, 0x1F, 0xFF, 0xFF, 0xFF, 0xFF, 0xFF, 0xFF, 0xFF, 0xFF, 0xFF, 
  0xFF, 0xF0, 0x00, 0x80, 0x06, 0x00, 0x3C, 0x01, 0xF8, 0x1F, 0xC0, 0x7C, 
  0x00, 0xC0, 0x00, 0x00, 0x00, 0x03, 0xFF, 0xFF, 0xFF, 0xFF, 0xFF, 0xFF, 
  0xF8, 0x07, 0xE0, 0x3F, 0x01, 0xF8, 0x07, 0xC0, 0x3F, 0x01, 0xF8, 0x0F, 
  0xC0, 0x3E, 0x01, 0xF8, 0x0F, 0xFF, 0xFF, 0xFF, 0xFF, 0xFF, 0xFF, 0xF0, 
  0x00, 0x80, 0x00, 0xF8, 0x00, 0x3F, 0x00, 0x0F, 0xC0, 0x03, 0xF0, 0x00, 
  0x70, 0x00, 0x00, 0x00, 0x00, 0x00, 0x7F, 0xFF, 0xDF, 0xFF, 0xF7, 0xFF, 
  0xFD, 0xFF, 0xFE, 0x7F, 0xFF, 0x80, 0x0F, 0xC0, 0x07, 0xE0, 0x03, 0xF0, 
  0x01, 0xFC, 0x00, 0x7E, 0x00, 0x3F, 0x00, 0x1F, 0x80, 0x0F, 0xE0, 0x03, 
  0xF0, 0x01, 0xF8, 0x00, 0xFC, 0x00, 0x7F, 0x00, 0x1F, 0xFF, 0xFF, 0xFF, 
  0xFF, 0xFF, 0xFF, 0xFF, 0xFF, 0xFF, 0xFF, 0xF0, 0x0F, 0x80, 0x3F, 0x00, 
  0xFC, 0x03, 0xE0, 0x07, 0x00, 0x00, 0x00, 0x00, 0x00, 0x00, 0xFF, 0xFF, 
  0xFF, 0xFF, 0xFF, 0xFF, 0xFE, 0x01, 0xF8, 0x0F, 0xC0, 0x7E, 0x01, 0xF0, 
  0x0F, 0xC0, 0x7E, 0x03, 0xF0, 0x0F, 0x80, 0x7E, 0x03, 0xFF, 0xFF, 0xFF, 
  0xFF, 0xFF, 0xFF, 0xFC, 0x0E, 0x1C, 0x07, 0xFF, 0x80, 0xFF, 0x80, 0x0F, 
  0xC0, 0x01, 0xE0, 0x00, 0x00, 0x00, 0x00, 0x01, 0xFF, 0xFF, 0x7F, 0xFF, 
  0xDF, 0xFF, 0xF7, 0xFF, 0xF9, 0xFF, 0xFE, 0x00, 0x3F, 0x00, 0x1F, 0x80, 
  0x0F, 0xC0, 0x07, 0xF0, 0x01, 0xF8, 0x00, 0xFC, 0x00, 0x7E, 0x00, 0x3F, 
  0x80, 0x0F, 0xC0, 0x07, 0xE0, 0x03, 0xF0, 0x01, 0xFC, 0x00, 0x7F, 0xFF, 
  0xFF, 0xFF, 0xFF, 0xFF, 0xFF, 0xFF, 0xFF, 0xFF, 0xFF, 0xC0, 0x20, 0x21, 
  0xE3, 0xE3, 0xFF, 0x07, 0xF8, 0x0F, 0xC0, 0x1E, 0x00, 0x00, 0x00, 0x00, 
  0xFF, 0xFF, 0xFF, 0xFF, 0xFF, 0xFF, 0xFE, 0x01, 0xF8, 0x0F, 0xC0, 0x7E, 
  0x01, 0xF0, 0x0F, 0xC0, 0x7E, 0x03, 0xF0, 0x0F, 0x80, 0x7E, 0x03, 0xFF, 
  0xFF, 0xFF, 0xFF, 0xFF, 0xFF, 0xFC, 0xFF, 0xFF, 0xC0, 0x01, 0xA0, 0x01, 
  0x90, 0x01, 0x98, 0x01, 0x88, 0x01, 0x84, 0x01, 0x86, 0x01, 0x82, 0x01, 
  0x81, 0x01, 0x80, 0x81, 0x80, 0x81, 0x80, 0x41, 0x80, 0x21, 0x80, 0x21, 
  0x80, 0x11, 0x80, 0x09, 0x80, 0x0D, 0x80, 0x05, 0x80, 0x03, 0x80, 0x03, 
  0xFF, 0xFF };

const GFXglyph Lexend_Bold32pt7bGlyphs[] PROGMEM = {
  {     0,   1,   1,  10,    0,    0 },   // 0x20 ' '
  {     1,   6,  23,  10,    2,  -22 },   // 0x21 '!'
  {    19,  14,   8,  15,    1,  -21 },   // 0x22 '"'
  {    33,  20,  22,  23,    2,  -21 },   // 0x23 '#'
  {    88,  18,  28,  20,    1,  -24 },   // 0x24 '$'
  {   151,  29,  23,  31,    1,  -22 },   // 0x25 '%'
  {   235,  23,  23,  25,    2,  -22 },   // 0x26 '&'
  {   302,   6,   8,   8,    1,  -21 },   // 0x27 '''
  {   308,  11,  28,  12,    1,  -21 },   // 0x28 '('
  {   347,  11,  28,  12,    0,  -21 },   // 0x29 ')'
  {   386,  13,  13,  14,    1,  -23 },   // 0x2A '*'
  {   408,  16,  16,  19,    2,  -16 },   // 0x2B '+'
  {   440,   7,  10,   9,    1,   -3 },   // 0x2C ','
  {   449,  11,   5,  14,    2,  -11 },   // 0x2D '-'
  {   456,   6,   5,   8,    1,   -4 },   // 0x2E '.'
  {   460,  19,  27,  19,    0,  -21 },   // 0x2F '/'
  {   525,  19,  23,  22,    1,  -22 },   // 0x30 '0'
  {   580,  14,  23,  18,    2,  -22 },   // 0x31 '1'
  {   621,  16,  23,  18,    1,  -22 },   // 0x32 '2'
  {   667,  17,  23,  19,    1,  -22 },   // 0x33 '3'
  {   716,  19,  23,  21,    1,  -22 },   // 0x34 '4'
  {   771,  16,  23,  19,    1,  -22 },   // 0x35 '5'
  {   817,  17,  23,  19,    1,  -22 },   // 0x36 '6'
  {   866,  16,  23,  18,    1,  -22 },   // 0x37 '7'
  {   912,  17,  23,  19,    1,  -22 },   // 0x38 '8'
  {   961,  17,  23,  18,    1,  -22 },   // 0x39 '9'
  {  1010,   6,  17,   8,    1,  -16 },   // 0x3A ':'
  {  1023,   7,  23,   9,    1,  -16 },   // 0x3B ';'
  {  1044,  15,  17,  17,    1,  -16 },   // 0x3C '<'
  {  1076,  16,  12,  20,    2,  -14 },   // 0x3D '='
  {  1100,  15,  17,  17,    1,  -16 },   // 0x3E '>'
  {  1132,  15,  23,  17,    1,  -22 },   // 0x3F '?'
  {  1176,  29,  28,  31,    1,  -22 },   // 0x40 '@'
  {  1278,  22,  22,  22,    0,  -21 },   // 0x41 'A'
  {  1339,  18,  22,  22,    3,  -21 },   // 0x42 'B'
  {  1389,  21,  23,  22,    1,  -22 },   // 0x43 'C'
  {  1450,  20,  22,  25,    3,  -21 },   // 0x44 'D'
  {  1505,  16,  22,  21,    3,  -21 },   // 0x45 'E'
  {  1549,  15,  22,  20,    3,  -21 },   // 0x46 'F'
  {  1591,  23,  23,  25,    1,  -22 },   // 0x47 'G'
  {  1658,  19,  22,  25,    3,  -21 },   // 0x48 'H'
  {  1711,  13,  22,  18,    2,  -21 },   // 0x49 'I'
  {  1747,  18,  22,  21,    1,  -21 },   // 0x4A 'J'
  {  1797,  21,  22,  24,    3,  -21 },   // 0x4B 'K'
  {  1855,  15,  22,  19,    3,  -21 },   // 0x4C 'L'
  {  1897,  22,  22,  28,    3,  -21 },   // 0x4D 'M'
  {  1958,  20,  22,  26,    3,  -21 },   // 0x4E 'N'
  {  2013,  24,  23,  26,    1,  -22 },   // 0x4F 'O'
  {  2082,  17,  22,  21,    3,  -21 },   // 0x50 'P'
  {  2129,  24,  27,  26,    1,  -22 },   // 0x51 'Q'
  {  2210,  18,  22,  22,    3,  -21 },   // 0x52 'R'
  {  2260,  18,  23,  20,    1,  -22 },   // 0x53 'S'
  {  2312,  19,  22,  21,    1,  -21 },   // 0x54 'T'
  {  2365,  19,  22,  24,    3,  -21 },   // 0x55 'U'
  {  2418,  23,  22,  23,    0,  -21 },   // 0x56 'V'
  {  2482,  32,  22,  32,    0,  -21 },   // 0x57 'W'
  {  2570,  23,  22,  23,    0,  -21 },   // 0x58 'X'
  {  2634,  22,  22,  22,    0,  -21 },   // 0x59 'Y'
  {  2695,  18,  22,  22,    2,  -21 },   // 0x5A 'Z'
  {  2745,   9,  28,  13,    3,  -21 },   // 0x5B '['
  {  2777,  18,  25,  19,    1,  -21 },   // 0x5C '\'
  {  2834,  10,  28,  13,    1,  -21 },   // 0x5D ']'
  {  2869,  19,  11,  19,    0,  -22 },   // 0x5E '^'
  {  2896,  20,   4,  22,    1,    3 },   // 0x5F '_'
  {  2906,   8,   7,  16,    4,  -25 },   // 0x60 '`'
  {  2913,  18,  17,  21,    1,  -16 },   // 0x61 'a'
  {  2952,  18,  24,  21,    2,  -23 },   // 0x62 'b'
  {  3006,  16,  17,  17,    1,  -16 },   // 0x63 'c'
  {  3040,  18,  24,  21,    1,  -23 },   // 0x64 'd'
  {  3094,  17,  17,  19,    1,  -16 },   // 0x65 'e'
  {  3131,  12,  24,  13,    1,  -23 },   // 0x66 'f'
  {  3167,  18,  24,  21,    1,  -16 },   // 0x67 'g'
  {  3221,  16,  24,  20,    2,  -23 },   // 0x68 'h'
  {  3269,   6,  26,  10,    2,  -25 },   // 0x69 'i'
  {  3289,   9,  33,  10,   -1,  -25 },   // 0x6A 'j'
  {  3327,  18,  24,  20,    2,  -23 },   // 0x6B 'k'
  {  3381,   5,  24,  10,    2,  -23 },   // 0x6C 'l'
  {  3396,  27,  17,  31,    2,  -16 },   // 0x6D 'm'
  {  3454,  16,  17,  20,    2,  -16 },   // 0x6E 'n'
  {  3488,  18,  17,  21,    1,  -16 },   // 0x6F 'o'
  {  3527,  18,  24,  21,    2,  -16 },   // 0x70 'p'
  {  3581,  18,  24,  21,    1,  -16 },   // 0x71 'q'
  {  3635,  12,  17,  15,    2,  -16 },   // 0x72 'r'
  {  3661,  14,  17,  16,    1,  -16 },   // 0x73 's'
  {  3691,  11,  21,  13,    1,  -20 },   // 0x74 't'
  {  3720,  16,  17,  21,    2,  -16 },   // 0x75 'u'
  {  3754,  19,  17,  19,    0,  -16 },   // 0x76 'v'
  {  3795,  26,  17,  27,    0,  -16 },   // 0x77 'w'
  {  3851,  18,  17,  19,    1,  -16 },   // 0x78 'x'
  {  3890,  20,  24,  20,    0,  -16 },   // 0x79 'y'
  {  3950,  14,  17,  18,    2,  -16 },   // 0x7A 'z'
  {  3980,  12,  30,  14,    1,  -22 },   // 0x7B '{'
  {  4025,   5,  30,  10,    3,  -23 },   // 0x7C '|'
  {  4044,  11,  30,  14,    1,  -22 },   // 0x7D '}'
  {  4086,  16,   7,  18,    1,  -12 },   // 0x7E '~'
  {  4100,  16,  22,  19,    1,  -21 },   // 0x7F '?'
  {  4144,  16,  22,  19,    1,  -21 },   // 0x80 '?'
  {  4188,  16,  22,  19,    1,  -21 },   // 0x81 '?'
  {  4232,  16,  22,  19,    1,  -21 },   // 0x82 '?'
  {  4276,  16,  22,  19,    1,  -21 },   // 0x83 '?'
  {  4320,  16,  22,  19,    1,  -21 },   // 0x84 '?'
  {  4364,  16,  22,  19,    1,  -21 },   // 0x85 '?'
  {  4408,  16,  22,  19,    1,  -21 },   // 0x86 '?'
  {  4452,  16,  22,  19,    1,  -21 },   // 0x87 '?'
  {  4496,  16,  22,  19,    1,  -21 },   // 0x88 '?'
  {  4540,  16,  22,  19,    1,  -21 },   // 0x89 '?'
  {  4584,  16,  22,  19,    1,  -21 },   // 0x8A '?'
  {  4628,  16,  22,  19,    1,  -21 },   // 0x8B '?'
  {  4672,  16,  22,  19,    1,  -21 },   // 0x8C '?'
  {  4716,  16,  22,  19,    1,  -21 },   // 0x8D '?'
  {  4760,  16,  22,  19,    1,  -21 },   // 0x8E '?'
  {  4804,  16,  22,  19,    1,  -21 },   // 0x8F '?'
  {  4848,  16,  22,  19,    1,  -21 },   // 0x90 '?'
  {  4892,  16,  22,  19,    1,  -21 },   // 0x91 '?'
  {  4936,  16,  22,  19,    1,  -21 },   // 0x92 '?'
  {  4980,  16,  22,  19,    1,  -21 },   // 0x93 '?'
  {  5024,  16,  22,  19,    1,  -21 },   // 0x94 '?'
  {  5068,  16,  22,  19,    1,  -21 },   // 0x95 '?'
  {  5112,  16,  22,  19,    1,  -21 },   // 0x96 '?'
  {  5156,  16,  22,  19,    1,  -21 },   // 0x97 '?'
  {  5200,  16,  22,  19,    1,  -21 },   // 0x98 '?'
  {  5244,  16,  22,  19,    1,  -21 },   // 0x99 '?'
  {  5288,  16,  22,  19,    1,  -21 },   // 0x9A '?'
  {  5332,  16,  22,  19,    1,  -21 },   // 0x9B '?'
  {  5376,  16,  22,  19,    1,  -21 },   // 0x9C '?'
  {  5420,  16,  22,  19,    1,  -21 },   // 0x9D '?'
  {  5464,  16,  22,  19,    1,  -21 },   // 0x9E '?'
  {  5508,  16,  22,  19,    1,  -21 },   // 0x9F '?'
  {  5552,   1,   1,  10,    0,    0 },   // 0xA0 '?'
  {  5553,   6,  23,  10,    2,  -16 },   // 0xA1 '?'
  {  5571,  16,  23,  18,    1,  -22 },   // 0xA2 '?'
  {  5617,  19,  24,  20,    1,  -22 },   // 0xA3 '?'
  {  5674,  16,  16,  18,    1,  -17 },   // 0xA4 '?'
  {  5706,  22,  22,  22,    0,  -21 },   // 0xA5 '?'
  {  5767,   5,  30,  10,    3,  -23 },   // 0xA6 '?'
  {  5786,  16,  28,  18,    1,  -22 },   // 0xA7 '?'
  {  5842,  14,   5,  16,    1,  -24 },   // 0xA8 '?'
  {  5851,  23,  24,  25,    1,  -22 },   // 0xA9 '?'
  {  5920,  10,  11,  13,    1,  -22 },   // 0xAA '?'
  {  5934,  17,  15,  18,    0,  -15 },   // 0xAB '?'
  {  5966,  19,  10,  21,    1,  -12 },   // 0xAC '?'
  {  5990,  11,   5,  14,    2,  -11 },   // 0xAD '?'
  {  5997,  16,  15,  16,    0,  -22 },   // 0xAE '?'
  {  6027,  10,   4,  14,    3,  -23 },   // 0xAF '?'
  {  6032,  11,  10,  17,    3,  -22 },   // 0xB0 '?'
  {  6046,  16,  18,  21,    2,  -17 },   // 0xB1 '?'
  {  6082,  10,  12,  12,    1,  -24 },   // 0xB2 '?'
  {  6097,   9,  12,  11,    1,  -25 },   // 0xB3 '?'
  {  6111,   8,   7,  16,    4,  -25 },   // 0xB4 '?'
  {  6118,  16,  22,  20,    2,  -16 },   // 0xB5 '?'
  {  6162,  21,  22,  24,    1,  -21 },   // 0xB6 '?'
  {  6220,   6,   5,   8,    1,  -12 },   // 0xB7 '?'
  {  6224,   6,   9,  16,    5,    0 },   // 0xB8 '?'
  {  6231,   6,  12,   9,    1,  -25 },   // 0xB9 '?'
  {  6240,  11,  10,  13,    1,  -22 },   // 0xBA '?'
  {  6254,  17,  15,  18,    1,  -15 },   // 0xBB '?'
  {  6286,  24,  24,  26,    1,  -23 },   // 0xBC '?'
  {  6358,  24,  24,  26,    1,  -23 },   // 0xBD '?'
  {  6430,  25,  23,  27,    1,  -22 },   // 0xBE '?'
  {  6502,  15,  23,  17,    1,  -16 },   // 0xBF '?'
  {  6546,  22,  30,  22,    0,  -29 },   // 0xC0 '?'
  {  6629,  22,  30,  22,    0,  -29 },   // 0xC1 '?'
  {  6712,  22,  29,  22,    0,  -28 },   // 0xC2 '?'
  {  6792,  22,  29,  22,    0,  -28 },   // 0xC3 '?'
  {  6872,  22,  30,  22,    0,  -29 },   // 0xC4 '?'
  {  6955,  22,  30,  22,    0,  -29 },   // 0xC5 '?'
  {  7038,  33,  22,  34,    0,  -21 },   // 0xC6 '?'
  {  7129,  21,  31,  22,    1,  -22 },   // 0xC7 '?'
  {  7211,  16,  30,  21,    3,  -29 },   // 0xC8 '?'
  {  7271,  16,  30,  21,    3,  -29 },   // 0xC9 '?'
  {  7331,  16,  29,  21,    3,  -28 },   // 0xCA '?'
  {  7389,  16,  30,  21,    3,  -29 },   // 0xCB '?'
  {  7449,  13,  30,  18,    2,  -29 },   // 0xCC '?'
  {  7498,  13,  30,  18,    2,  -29 },   // 0xCD '?'
  {  7547,  13,  29,  18,    2,  -28 },   // 0xCE '?'
  {  7595,  14,  30,  18,    2,  -29 },   // 0xCF '?'
  {  7648,  22,  22,  25,    1,  -21 },   // 0xD0 '?'
  {  7709,  20,  29,  26,    3,  -28 },   // 0xD1 '?'
  {  7782,  24,  30,  26,    1,  -29 },   // 0xD2 '?'
  {  7872,  24,  30,  26,    1,  -29 },   // 0xD3 '?'
  {  7962,  24,  29,  26,    1,  -28 },   // 0xD4 '?'
  {  8049,  24,  29,  26,    1,  -28 },   // 0xD5 '?'
  {  8136,  24,  30,  26,    1,  -29 },   // 0xD6 '?'
  {  8226,  15,  14,  17,    1,  -15 },   // 0xD7 '?'
  {  8253,  24,  25,  26,    1,  -23 },   // 0xD8 '?'
  {  8328,  19,  30,  24,    3,  -29 },   // 0xD9 '?'
  {  8400,  19,  30,  24,    3,  -29 },   // 0xDA '?'
  {  8472,  19,  29,  24,    3,  -28 },   // 0xDB '?'
  {  8541,  19,  30,  24,    3,  -29 },   // 0xDC '?'
  {  8613,  22,  30,  22,    0,  -29 },   // 0xDD '?'
  {  8696,  17,  22,  21,    3,  -21 },   // 0xDE '?'
  {  8743,  20,  23,  21,    1,  -22 },   // 0xDF '?'
  {  8801,  18,  26,  21,    1,  -25 },   // 0xE0 '?'
  {  8860,  18,  26,  21,    1,  -25 },   // 0xE1 '?'
  {  8919,  18,  25,  21,    1,  -24 },   // 0xE2 '?'
  {  8976,  18,  24,  21,    1,  -23 },   // 0xE3 '?'
  {  9030,  18,  25,  21,    1,  -24 },   // 0xE4 '?'
  {  9087,  18,  27,  21,    1,  -26 },   // 0xE5 '?'
  {  9148,  27,  17,  29,    1,  -16 },   // 0xE6 '?'
  {  9206,  16,  25,  17,    1,  -16 },   // 0xE7 '?'
  {  9256,  17,  26,  19,    1,  -25 },   // 0xE8 '?'
  {  9312,  17,  26,  19,    1,  -25 },   // 0xE9 '?'
  {  9368,  17,  25,  19,    1,  -24 },   // 0xEA '?'
  {  9422,  17,  25,  19,    1,  -24 },   // 0xEB '?'
  {  9476,   8,  26,   9,    0,  -25 },   // 0xEC '?'
  {  9502,   8,  26,   9,    1,  -25 },   // 0xED '?'
  {  9528,  13,  25,   9,   -2,  -24 },   // 0xEE '?'
  {  9569,  13,  25,   9,   -2,  -24 },   // 0xEF '?'
  {  9610,  17,  24,  19,    1,  -23 },   // 0xF0 '?'
  {  9661,  16,  24,  20,    2,  -23 },   // 0xF1 '?'
  {  9709,  18,  26,  21,    1,  -25 },   // 0xF2 '?'
  {  9768,  18,  26,  21,    1,  -25 },   // 0xF3 '?'
  {  9827,  18,  25,  21,    1,  -24 },   // 0xF4 '?'
  {  9884,  18,  24,  21,    1,  -23 },   // 0xF5 '?'
  {  9938,  18,  25,  21,    1,  -24 },   // 0xF6 '?'
  {  9995,  17,  19,  19,    1,  -17 },   // 0xF7 '?'
  { 10036,  18,  19,  21,    1,  -17 },   // 0xF8 '?'
  { 10079,  16,  26,  21,    2,  -25 },   // 0xF9 '?'
  { 10131,  16,  26,  21,    2,  -25 },   // 0xFA '?'
  { 10183,  16,  25,  21,    2,  -24 },   // 0xFB '?'
  { 10233,  16,  25,  21,    2,  -24 },   // 0xFC '?'
  { 10283,  20,  33,  20,    0,  -25 },   // 0xFD '?'
  { 10366,  18,  31,  21,    2,  -23 },   // 0xFE '?'
  { 10436,  20,  32,  20,    0,  -24 },   // 0xFF '?'
  { 10516,  22,  28,  22,    0,  -27 },   // 0x100 '?'
  { 10593,  18,  24,  21,    1,  -23 },   // 0x101 '?'
  { 10647,  22,  29,  22,    0,  -28 },   // 0x102 '?'
  { 10727,  18,  25,  21,    1,  -24 },   // 0x103 '?'
  { 10784,  22,  29,  22,    0,  -21 },   // 0x104 '?'
  { 10864,  18,  24,  21,    1,  -16 },   // 0x105 '?'
  { 10918,  21,  30,  22,    1,  -29 },   // 0x106 '?'
  { 10997,  16,  26,  17,    1,  -25 },   // 0x107 '?'
  { 11049,  21,  29,  22,    1,  -28 },   // 0x108 '?'
  { 11126,  16,  25,  17,    1,  -24 },   // 0x109 '?'
  { 11176,  21,  30,  22,    1,  -29 },   // 0x10A '?'
  { 11255,  16,  25,  17,    1,  -24 },   // 0x10B '?'
  { 11305,  21,  29,  22,    1,  -28 },   // 0x10C '?'
  { 11382,  16,  25,  17,    1,  -24 },   // 0x10D '?'
  { 11432,  20,  29,  25,    3,  -28 },   // 0x10E '?'
  { 11505,  26,  24,  24,    1,  -23 },   // 0x10F '?'
  { 11583,  22,  22,  25,    1,  -21 },   // 0x110 '?'
  { 11644,  20,  24,  21,    1,  -23 },   // 0x111 '?'
  { 11704,  16,  28,  21,    3,  -27 },   // 0x112 '?'
  { 11760,  17,  24,  19,    1,  -23 },   // 0x113 '?'
  { 11811,  16,  29,  21,    3,  -28 },   // 0x114 '?'
  { 11869,  17,  25,  19,    1,  -24 },   // 0x115 '?'
  { 11923,  16,  30,  21,    3,  -29 },   // 0x116 '?'
  { 11983,  17,  25,  19,    1,  -24 },   // 0x117 '?'
  { 12037,  16,  29,  21,    3,  -21 },   // 0x118 '?'
  { 12095,  17,  24,  19,    1,  -16 },   // 0x119 '?'
  { 12146,  16,  29,  21,    3,  -28 },   // 0x11A '?'
  { 12204,  17,  25,  19,    1,  -24 },   // 0x11B '?'
  { 12258,  23,  29,  25,    1,  -28 },   // 0x11C '?'
  { 12342,  18,  32,  21,    1,  -24 },   // 0x11D '?'
  { 12414,  23,  29,  25,    1,  -28 },   // 0x11E '?'
  { 12498,  18,  32,  21,    1,  -24 },   // 0x11F '?'
  { 12570,  23,  30,  25,    1,  -29 },   // 0x120 '?'
  { 12657,  18,  32,  21,    1,  -24 },   // 0x121 '?'
  { 12729,  23,  32,  25,    1,  -22 },   // 0x122 '?'
  { 12821,  18,  34,  21,    1,  -26 },   // 0x123 '?'
  { 12898,  19,  29,  25,    3,  -28 },   // 0x124 '?'
  { 12967,  16,  30,  20,    2,  -29 },   // 0x125 '?'
  { 13027,  24,  22,  26,    1,  -21 },   // 0x126 '?'
  { 13093,  18,  24,  20,    0,  -23 },   // 0x127 '?'
  { 13147,  13,  29,  18,    2,  -28 },   // 0x128 '?'
  { 13195,  11,  24,   9,   -1,  -23 },   // 0x129 '?'
  { 13228,  13,  28,  18,    2,  -27 },   // 0x12A '?'
  { 13274,  11,  24,   9,   -1,  -23 },   // 0x12B '?'
  { 13307,  13,  29,  18,    2,  -28 },   // 0x12C '?'
  { 13355,  11,  25,   9,   -1,  -24 },   // 0x12D '?'
  { 13390,  13,  29,  18,    2,  -21 },   // 0x12E '?'
  { 13438,   8,  32,   9,    0,  -24 },   // 0x12F '?'
  { 13470,  13,  30,  18,    2,  -29 },   // 0x130 '?'
  { 13519,   5,  17,   9,    2,  -16 },   // 0x131 '?'
  { 13530,  35,  22,  39,    2,  -21 },   // 0x132 '?'
  { 13627,  17,  33,  20,    2,  -25 },   // 0x133 '?'
  { 13698,  18,  29,  21,    1,  -28 },   // 0x134 '?'
  { 13764,  12,  32,  10,   -1,  -24 },   // 0x135 '?'
  { 13812,  21,  31,  24,    3,  -21 },   // 0x136 '?'
  { 13894,  18,  33,  20,    2,  -23 },   // 0x137 '?'
  { 13969,  18,  17,  20,    2,  -16 },   // 0x138 '?'
  { 14008,  16,  30,  19,    2,  -29 },   // 0x139 '?'
  { 14068,   8,  31,  10,    1,  -30 },   // 0x13A '?'
  { 14099,  15,  31,  19,    3,  -21 },   // 0x13B '?'
  { 14158,   6,  33,  10,    2,  -23 },   // 0x13C '?'
  { 14183,  15,  22,  19,    3,  -21 },   // 0x13D '?'
  { 14225,  14,  24,  13,    2,  -23 },   // 0x13E '?'
  { 14267,  15,  22,  19,    3,  -21 },   // 0x13F '?'
  { 14309,  13,  24,  14,    2,  -23 },   // 0x140 '?'
  { 14348,  19,  22,  20,    0,  -21 },   // 0x141 '?'
  { 14401,  12,  24,  12,    0,  -23 },   // 0x142 '?'
  { 14437,  20,  30,  26,    3,  -29 },   // 0x143 '?'
  { 14512,  16,  26,  20,    2,  -25 },   // 0x144 '?'
  { 14564,  20,  31,  26,    3,  -21 },   // 0x145 '?'
  { 14642,  16,  26,  20,    2,  -16 },   // 0x146 '?'
  { 14694,  20,  29,  26,    3,  -28 },   // 0x147 '?'
  { 14767,  16,  25,  20,    2,  -24 },   // 0x148 '?'
  { 14817,  22,  22,  21,   -3,  -21 },   // 0x149 '?'
  { 14878,  20,  29,  26,    3,  -21 },   // 0x14A '?'
  { 14951,  16,  24,  20,    2,  -16 },   // 0x14B '?'
  { 14999,  24,  28,  26,    1,  -27 },   // 0x14C '?'
  { 15083,  18,  24,  21,    1,  -23 },   // 0x14D '?'
  { 15137,  24,  29,  26,    1,  -28 },   // 0x14E '?'
  { 15224,  18,  25,  21,    1,  -24 },   // 0x14F '?'
  { 15281,  24,  31,  26,    1,  -30 },   // 0x150 '?'
  { 15374,  18,  26,  21,    1,  -25 },   // 0x151 '?'
  { 15433,  32,  22,  35,    1,  -21 },   // 0x152 '?'
  { 15521,  30,  17,  32,    1,  -16 },   // 0x153 '?'
  { 15585,  18,  30,  22,    3,  -29 },   // 0x154 '?'
  { 15653,  12,  26,  15,    2,  -25 },   // 0x155 '?'
  { 15692,  18,  31,  22,    3,  -21 },   // 0x156 '?'
  { 15762,  12,  26,  15,    2,  -16 },   // 0x157 '?'
  { 15801,  18,  29,  22,    3,  -28 },   // 0x158 '?'
  { 15867,  12,  25,  15,    2,  -24 },   // 0x159 '?'
  { 15905,  18,  30,  20,    1,  -29 },   // 0x15A '?'
  { 15973,  14,  26,  16,    1,  -25 },   // 0x15B '?'
  { 16019,  18,  29,  20,    1,  -28 },   // 0x15C '?'
  { 16085,  14,  25,  16,    1,  -24 },   // 0x15D '?'
  { 16129,  18,  31,  20,    1,  -22 },   // 0x15E '?'
  { 16199,  14,  25,  16,    1,  -16 },   // 0x15F '?'
  { 16243,  18,  29,  20,    1,  -28 },   // 0x160 '?'
  { 16309,  14,  25,  16,    1,  -24 },   // 0x161 '?'
  { 16353,  19,  30,  21,    1,  -21 },   // 0x162 '?'
  { 16425,  11,  29,  13,    1,  -20 },   // 0x163 '?'
  { 16465,  19,  29,  21,    1,  -28 },   // 0x164 '?'
  { 16534,  15,  26,  13,    1,  -25 },   // 0x165 '?'
  { 16583,  19,  22,  21,    1,  -21 },   // 0x166 '?'
  { 16636,  11,  21,  13,    1,  -20 },   // 0x167 '?'
  { 16665,  19,  29,  24,    3,  -28 },   // 0x168 '?'
  { 16734,  16,  24,  21,    2,  -23 },   // 0x169 '?'
  { 16782,  19,  28,  24,    3,  -27 },   // 0x16A '?'
  { 16849,  16,  24,  21,    2,  -23 },   // 0x16B '?'
  { 16897,  19,  29,  24,    3,  -28 },   // 0x16C '?'
  { 16966,  16,  25,  21,    2,  -24 },   // 0x16D '?'
  { 17016,  19,  30,  24,    3,  -29 },   // 0x16E '?'
  { 17088,  16,  27,  21,    2,  -26 },   // 0x16F '?'
  { 17142,  19,  31,  24,    3,  -30 },   // 0x170 '?'
  { 17216,  16,  26,  21,    2,  -25 },   // 0x171 '?'
  { 17268,  19,  29,  24,    3,  -21 },   // 0x172 '?'
  { 17337,  16,  24,  21,    2,  -16 },   // 0x173 '?'
  { 17385,  32,  29,  32,    0,  -28 },   // 0x174 '?'
  { 17501,  26,  25,  27,    0,  -24 },   // 0x175 '?'
  { 17583,  22,  29,  22,    0,  -28 },   // 0x176 '?'
  { 17663,  20,  32,  20,    0,  -24 },   // 0x177 '?'
  { 17743,  22,  30,  22,    0,  -29 },   // 0x178 '?'
  { 17826,  18,  30,  22,    2,  -29 },   // 0x179 '?'
  { 17894,  14,  26,  18,    2,  -25 },   // 0x17A '?'
  { 17940,  18,  30,  22,    2,  -29 },   // 0x17B '?'
  { 18008,  14,  25,  18,    2,  -24 },   // 0x17C '?'
  { 18052,  18,  29,  22,    2,  -28 },   // 0x17D '?'
  { 18118,  14,  25,  18,    2,  -24 },   // 0x17E '?'
  { 18162,  16,  22,  19,    1,  -21 }   // 0x17F '?'
};

const GFXfont Lexend_Bold32pt7b PROGMEM = {
  (uint8_t  *)Lexend_Bold32pt7bBitmaps,
  (GFXglyph *)Lexend_Bold32pt7bGlyphs,
  0x20, 0x17F, 40 };

// Approx. 20677 bytes
